{
  "buffers": [
    {
      "alignment": 4,
      "batch": 0,
      "channel_first": true,
      "channel_last": true,
      "epochs": {
        "end": 1,
        "start": 0
      },
      "flags": "STAI_FLAG_WEIGHTS|STAI_FLAG_CONST|STAI_FLAG_PREALLOCATED",
      "format": "STAI_FORMAT_FLOAT",
      "id": 237,
      "intq": {},
      "is_param": true,
      "mpool_id": 1,
      "name": "gemm_0_bias_array",
      "nbits": 32,
      "offset_start": 1152,
      "qmn": {},
      "shape": [
        48
      ],
      "shape_map": [
        "CH"
      ],
      "size_bytes": 192
    },
    {
      "alignment": 4,
      "batch": 0,
      "channel_first": true,
      "channel_last": true,
      "epochs": {
        "end": 6,
        "start": 3
      },
      "flags": "STAI_FLAG_PREALLOCATED|STAI_FLAG_ACTIVATIONS",
      "format": "STAI_FORMAT_FLOAT",
      "id": 194,
      "intq": {},
      "is_param": false,
      "mpool_id": 0,
      "name": "gemm_0_output_array",
      "nbits": 32,
      "offset_start": 1024,
      "qmn": {},
      "shape": [
        48
      ],
      "shape_map": [
        "CH"
      ],
      "size_bytes": 192
    },
    {
      "alignment": 4,
      "batch": 0,
      "channel_first": true,
      "channel_last": true,
      "epochs": {
        "end": 1,
        "start": 0
      },
      "flags": "STAI_FLAG_WEIGHTS|STAI_FLAG_CONST|STAI_FLAG_PREALLOCATED",
      "format": "STAI_FORMAT_FLOAT",
      "id": 234,
      "intq": {},
      "is_param": true,
      "mpool_id": 1,
      "name": "gemm_0_weights_array",
      "nbits": 32,
      "offset_start": 0,
      "qmn": {},
      "shape": [
        48,
        6
      ],
      "shape_map": [
        "CH",
        "CH_IN"
      ],
      "size_bytes": 1152
    },
    {
      "alignment": 4,
      "batch": 0,
      "channel_first": true,
      "channel_last": true,
      "epochs": {
        "end": 1,
        "start": 0
      },
      "flags": "STAI_FLAG_WEIGHTS|STAI_FLAG_CONST|STAI_FLAG_PREALLOCATED",
      "format": "STAI_FORMAT_FLOAT",
      "id": 243,
      "intq": {},
      "is_param": true,
      "mpool_id": 1,
      "name": "gemm_1_bias_array",
      "nbits": 32,
      "offset_start": 19776,
      "qmn": {},
      "shape": [
        96
      ],
      "shape_map": [
        "CH"
      ],
      "size_bytes": 384
    },
    {
      "alignment": 4,
      "batch": 0,
      "channel_first": true,
      "channel_last": true,
      "epochs": {
        "end": 10,
        "start": 7
      },
      "flags": "STAI_FLAG_PREALLOCATED|STAI_FLAG_ACTIVATIONS",
      "format": "STAI_FORMAT_FLOAT",
      "id": 198,
      "intq": {},
      "is_param": false,
      "mpool_id": 0,
      "name": "gemm_1_output_array",
      "nbits": 32,
      "offset_start": 640,
      "qmn": {},
      "shape": [
        96
      ],
      "shape_map": [
        "CH"
      ],
      "size_bytes": 384
    },
    {
      "alignment": 4,
      "batch": 0,
      "channel_first": true,
      "channel_last": true,
      "epochs": {
        "end": 1,
        "start": 0
      },
      "flags": "STAI_FLAG_WEIGHTS|STAI_FLAG_CONST|STAI_FLAG_PREALLOCATED",
      "format": "STAI_FORMAT_FLOAT",
      "id": 240,
      "intq": {},
      "is_param": true,
      "mpool_id": 1,
      "name": "gemm_1_weights_array",
      "nbits": 32,
      "offset_start": 1344,
      "qmn": {},
      "shape": [
        96,
        48
      ],
      "shape_map": [
        "CH",
        "CH_IN"
      ],
      "size_bytes": 18432
    },
    {
      "alignment": 4,
      "batch": 0,
      "channel_first": true,
      "channel_last": true,
      "epochs": {
        "end": 1,
        "start": 0
      },
      "flags": "STAI_FLAG_WEIGHTS|STAI_FLAG_CONST|STAI_FLAG_PREALLOCATED",
      "format": "STAI_FORMAT_FLOAT",
      "id": 249,
      "intq": {},
      "is_param": true,
      "mpool_id": 1,
      "name": "gemm_2_bias_array",
      "nbits": 32,
      "offset_start": 93888,
      "qmn": {},
      "shape": [
        192
      ],
      "shape_map": [
        "CH"
      ],
      "size_bytes": 768
    },
    {
      "alignment": 4,
      "batch": 0,
      "channel_first": true,
      "channel_last": true,
      "epochs": {
        "end": 14,
        "start": 11
      },
      "flags": "STAI_FLAG_PREALLOCATED|STAI_FLAG_ACTIVATIONS",
      "format": "STAI_FORMAT_FLOAT",
      "id": 202,
      "intq": {},
      "is_param": false,
      "mpool_id": 0,
      "name": "gemm_2_output_array",
      "nbits": 32,
      "offset_start": 1024,
      "qmn": {},
      "shape": [
        192
      ],
      "shape_map": [
        "CH"
      ],
      "size_bytes": 768
    },
    {
      "alignment": 4,
      "batch": 0,
      "channel_first": true,
      "channel_last": true,
      "epochs": {
        "end": 1,
        "start": 0
      },
      "flags": "STAI_FLAG_WEIGHTS|STAI_FLAG_CONST|STAI_FLAG_PREALLOCATED",
      "format": "STAI_FORMAT_FLOAT",
      "id": 246,
      "intq": {},
      "is_param": true,
      "mpool_id": 1,
      "name": "gemm_2_weights_array",
      "nbits": 32,
      "offset_start": 20160,
      "qmn": {},
      "shape": [
        192,
        96
      ],
      "shape_map": [
        "CH",
        "CH_IN"
      ],
      "size_bytes": 73728
    },
    {
      "alignment": 4,
      "batch": 0,
      "channel_first": true,
      "channel_last": true,
      "epochs": {
        "end": 1,
        "start": 0
      },
      "flags": "STAI_FLAG_WEIGHTS|STAI_FLAG_CONST|STAI_FLAG_PREALLOCATED",
      "format": "STAI_FORMAT_FLOAT",
      "id": 255,
      "intq": {},
      "is_param": true,
      "mpool_id": 1,
      "name": "gemm_3_bias_array",
      "nbits": 32,
      "offset_start": 291264,
      "qmn": {},
      "shape": [
        256
      ],
      "shape_map": [
        "CH"
      ],
      "size_bytes": 1024
    },
    {
      "alignment": 4,
      "batch": 0,
      "channel_first": true,
      "channel_last": true,
      "epochs": {
        "end": 18,
        "start": 15
      },
      "flags": "STAI_FLAG_PREALLOCATED|STAI_FLAG_ACTIVATIONS",
      "format": "STAI_FORMAT_FLOAT",
      "id": 206,
      "intq": {},
      "is_param": false,
      "mpool_id": 0,
      "name": "gemm_3_output_array",
      "nbits": 32,
      "offset_start": 0,
      "qmn": {},
      "shape": [
        256
      ],
      "shape_map": [
        "CH"
      ],
      "size_bytes": 1024
    },
    {
      "alignment": 4,
      "batch": 0,
      "channel_first": true,
      "channel_last": true,
      "epochs": {
        "end": 1,
        "start": 0
      },
      "flags": "STAI_FLAG_WEIGHTS|STAI_FLAG_CONST|STAI_FLAG_PREALLOCATED",
      "format": "STAI_FORMAT_FLOAT",
      "id": 252,
      "intq": {},
      "is_param": true,
      "mpool_id": 1,
      "name": "gemm_3_weights_array",
      "nbits": 32,
      "offset_start": 94656,
      "qmn": {},
      "shape": [
        256,
        192
      ],
      "shape_map": [
        "CH",
        "CH_IN"
      ],
      "size_bytes": 196608
    },
    {
      "alignment": 4,
      "batch": 0,
      "channel_first": true,
      "channel_last": true,
      "epochs": {
        "end": 1,
        "start": 0
      },
      "flags": "STAI_FLAG_WEIGHTS|STAI_FLAG_CONST|STAI_FLAG_PREALLOCATED",
      "format": "STAI_FORMAT_FLOAT",
      "id": 261,
      "intq": {},
      "is_param": true,
      "mpool_id": 1,
      "name": "gemm_4_bias_array",
      "nbits": 32,
      "offset_start": 554432,
      "qmn": {},
      "shape": [
        256
      ],
      "shape_map": [
        "CH"
      ],
      "size_bytes": 1024
    },
    {
      "alignment": 4,
      "batch": 0,
      "channel_first": true,
      "channel_last": true,
      "epochs": {
        "end": 22,
        "start": 19
      },
      "flags": "STAI_FLAG_PREALLOCATED|STAI_FLAG_ACTIVATIONS",
      "format": "STAI_FORMAT_FLOAT",
      "id": 210,
      "intq": {},
      "is_param": false,
      "mpool_id": 0,
      "name": "gemm_4_output_array",
      "nbits": 32,
      "offset_start": 1024,
      "qmn": {},
      "shape": [
        256
      ],
      "shape_map": [
        "CH"
      ],
      "size_bytes": 1024
    },
    {
      "alignment": 4,
      "batch": 0,
      "channel_first": true,
      "channel_last": true,
      "epochs": {
        "end": 1,
        "start": 0
      },
      "flags": "STAI_FLAG_WEIGHTS|STAI_FLAG_CONST|STAI_FLAG_PREALLOCATED",
      "format": "STAI_FORMAT_FLOAT",
      "id": 258,
      "intq": {},
      "is_param": true,
      "mpool_id": 1,
      "name": "gemm_4_weights_array",
      "nbits": 32,
      "offset_start": 292288,
      "qmn": {},
      "shape": [
        256,
        256
      ],
      "shape_map": [
        "CH",
        "CH_IN"
      ],
      "size_bytes": 262144
    },
    {
      "alignment": 4,
      "batch": 0,
      "channel_first": true,
      "channel_last": true,
      "epochs": {
        "end": 1,
        "start": 0
      },
      "flags": "STAI_FLAG_WEIGHTS|STAI_FLAG_CONST|STAI_FLAG_PREALLOCATED",
      "format": "STAI_FORMAT_FLOAT",
      "id": 267,
      "intq": {},
      "is_param": true,
      "mpool_id": 1,
      "name": "gemm_5_bias_array",
      "nbits": 32,
      "offset_start": 752064,
      "qmn": {},
      "shape": [
        192
      ],
      "shape_map": [
        "CH"
      ],
      "size_bytes": 768
    },
    {
      "alignment": 4,
      "batch": 0,
      "channel_first": true,
      "channel_last": true,
      "epochs": {
        "end": 26,
        "start": 23
      },
      "flags": "STAI_FLAG_PREALLOCATED|STAI_FLAG_ACTIVATIONS",
      "format": "STAI_FORMAT_FLOAT",
      "id": 214,
      "intq": {},
      "is_param": false,
      "mpool_id": 0,
      "name": "gemm_5_output_array",
      "nbits": 32,
      "offset_start": 1024,
      "qmn": {},
      "shape": [
        192
      ],
      "shape_map": [
        "CH"
      ],
      "size_bytes": 768
    },
    {
      "alignment": 4,
      "batch": 0,
      "channel_first": true,
      "channel_last": true,
      "epochs": {
        "end": 1,
        "start": 0
      },
      "flags": "STAI_FLAG_WEIGHTS|STAI_FLAG_CONST|STAI_FLAG_PREALLOCATED",
      "format": "STAI_FORMAT_FLOAT",
      "id": 264,
      "intq": {},
      "is_param": true,
      "mpool_id": 1,
      "name": "gemm_5_weights_array",
      "nbits": 32,
      "offset_start": 555456,
      "qmn": {},
      "shape": [
        192,
        256
      ],
      "shape_map": [
        "CH",
        "CH_IN"
      ],
      "size_bytes": 196608
    },
    {
      "alignment": 4,
      "batch": 0,
      "channel_first": true,
      "channel_last": true,
      "epochs": {
        "end": 1,
        "start": 0
      },
      "flags": "STAI_FLAG_WEIGHTS|STAI_FLAG_CONST|STAI_FLAG_PREALLOCATED",
      "format": "STAI_FORMAT_FLOAT",
      "id": 273,
      "intq": {},
      "is_param": true,
      "mpool_id": 1,
      "name": "gemm_6_bias_array",
      "nbits": 32,
      "offset_start": 851136,
      "qmn": {},
      "shape": [
        128
      ],
      "shape_map": [
        "CH"
      ],
      "size_bytes": 512
    },
    {
      "alignment": 4,
      "batch": 0,
      "channel_first": true,
      "channel_last": true,
      "epochs": {
        "end": 30,
        "start": 27
      },
      "flags": "STAI_FLAG_PREALLOCATED|STAI_FLAG_ACTIVATIONS",
      "format": "STAI_FORMAT_FLOAT",
      "id": 218,
      "intq": {},
      "is_param": false,
      "mpool_id": 0,
      "name": "gemm_6_output_array",
      "nbits": 32,
      "offset_start": 768,
      "qmn": {},
      "shape": [
        128
      ],
      "shape_map": [
        "CH"
      ],
      "size_bytes": 512
    },
    {
      "alignment": 4,
      "batch": 0,
      "channel_first": true,
      "channel_last": true,
      "epochs": {
        "end": 1,
        "start": 0
      },
      "flags": "STAI_FLAG_WEIGHTS|STAI_FLAG_CONST|STAI_FLAG_PREALLOCATED",
      "format": "STAI_FORMAT_FLOAT",
      "id": 270,
      "intq": {},
      "is_param": true,
      "mpool_id": 1,
      "name": "gemm_6_weights_array",
      "nbits": 32,
      "offset_start": 752832,
      "qmn": {},
      "shape": [
        128,
        192
      ],
      "shape_map": [
        "CH",
        "CH_IN"
      ],
      "size_bytes": 98304
    },
    {
      "alignment": 4,
      "batch": 0,
      "channel_first": true,
      "channel_last": true,
      "epochs": {
        "end": 1,
        "start": 0
      },
      "flags": "STAI_FLAG_WEIGHTS|STAI_FLAG_CONST|STAI_FLAG_PREALLOCATED",
      "format": "STAI_FORMAT_FLOAT",
      "id": 279,
      "intq": {},
      "is_param": true,
      "mpool_id": 1,
      "name": "gemm_7_bias_array",
      "nbits": 32,
      "offset_start": 900800,
      "qmn": {},
      "shape": [
        96
      ],
      "shape_map": [
        "CH"
      ],
      "size_bytes": 384
    },
    {
      "alignment": 4,
      "batch": 0,
      "channel_first": true,
      "channel_last": true,
      "epochs": {
        "end": 34,
        "start": 31
      },
      "flags": "STAI_FLAG_PREALLOCATED|STAI_FLAG_ACTIVATIONS",
      "format": "STAI_FORMAT_FLOAT",
      "id": 222,
      "intq": {},
      "is_param": false,
      "mpool_id": 0,
      "name": "gemm_7_output_array",
      "nbits": 32,
      "offset_start": 512,
      "qmn": {},
      "shape": [
        96
      ],
      "shape_map": [
        "CH"
      ],
      "size_bytes": 384
    },
    {
      "alignment": 4,
      "batch": 0,
      "channel_first": true,
      "channel_last": true,
      "epochs": {
        "end": 1,
        "start": 0
      },
      "flags": "STAI_FLAG_WEIGHTS|STAI_FLAG_CONST|STAI_FLAG_PREALLOCATED",
      "format": "STAI_FORMAT_FLOAT",
      "id": 276,
      "intq": {},
      "is_param": true,
      "mpool_id": 1,
      "name": "gemm_7_weights_array",
      "nbits": 32,
      "offset_start": 851648,
      "qmn": {},
      "shape": [
        96,
        128
      ],
      "shape_map": [
        "CH",
        "CH_IN"
      ],
      "size_bytes": 49152
    },
    {
      "alignment": 4,
      "batch": 0,
      "channel_first": true,
      "channel_last": true,
      "epochs": {
        "end": 1,
        "start": 0
      },
      "flags": "STAI_FLAG_WEIGHTS|STAI_FLAG_CONST|STAI_FLAG_PREALLOCATED",
      "format": "STAI_FORMAT_FLOAT",
      "id": 285,
      "intq": {},
      "is_param": true,
      "mpool_id": 1,
      "name": "gemm_8_bias_array",
      "nbits": 32,
      "offset_start": 919616,
      "qmn": {},
      "shape": [
        48
      ],
      "shape_map": [
        "CH"
      ],
      "size_bytes": 192
    },
    {
      "alignment": 4,
      "batch": 0,
      "channel_first": true,
      "channel_last": true,
      "epochs": {
        "end": 38,
        "start": 35
      },
      "flags": "STAI_FLAG_PREALLOCATED|STAI_FLAG_ACTIVATIONS",
      "format": "STAI_FORMAT_FLOAT",
      "id": 226,
      "intq": {},
      "is_param": false,
      "mpool_id": 0,
      "name": "gemm_8_output_array",
      "nbits": 32,
      "offset_start": 384,
      "qmn": {},
      "shape": [
        48
      ],
      "shape_map": [
        "CH"
      ],
      "size_bytes": 192
    },
    {
      "alignment": 4,
      "batch": 0,
      "channel_first": true,
      "channel_last": true,
      "epochs": {
        "end": 1,
        "start": 0
      },
      "flags": "STAI_FLAG_WEIGHTS|STAI_FLAG_CONST|STAI_FLAG_PREALLOCATED",
      "format": "STAI_FORMAT_FLOAT",
      "id": 282,
      "intq": {},
      "is_param": true,
      "mpool_id": 1,
      "name": "gemm_8_weights_array",
      "nbits": 32,
      "offset_start": 901184,
      "qmn": {},
      "shape": [
        48,
        96
      ],
      "shape_map": [
        "CH",
        "CH_IN"
      ],
      "size_bytes": 18432
    },
    {
      "alignment": 4,
      "batch": 0,
      "channel_first": true,
      "channel_last": true,
      "epochs": {
        "end": 1,
        "start": 0
      },
      "flags": "STAI_FLAG_WEIGHTS|STAI_FLAG_CONST|STAI_FLAG_PREALLOCATED",
      "format": "STAI_FORMAT_FLOAT",
      "id": 291,
      "intq": {},
      "is_param": true,
      "mpool_id": 1,
      "name": "gemm_9_bias_array",
      "nbits": 32,
      "offset_start": 920768,
      "qmn": {},
      "shape": [
        5
      ],
      "shape_map": [
        "CH"
      ],
      "size_bytes": 20
    },
    {
      "alignment": 4,
      "batch": 0,
      "channel_first": true,
      "channel_last": true,
      "epochs": {
        "end": 42,
        "start": 39
      },
      "flags": "STAI_FLAG_PREALLOCATED|STAI_FLAG_ACTIVATIONS",
      "format": "STAI_FORMAT_FLOAT",
      "id": 230,
      "intq": {},
      "is_param": false,
      "mpool_id": 0,
      "name": "gemm_9_output_array",
      "nbits": 32,
      "offset_start": 192,
      "qmn": {},
      "shape": [
        5
      ],
      "shape_map": [
        "CH"
      ],
      "size_bytes": 20
    },
    {
      "alignment": 4,
      "batch": 0,
      "channel_first": true,
      "channel_last": true,
      "epochs": {
        "end": 1,
        "start": 0
      },
      "flags": "STAI_FLAG_WEIGHTS|STAI_FLAG_CONST|STAI_FLAG_PREALLOCATED",
      "format": "STAI_FORMAT_FLOAT",
      "id": 288,
      "intq": {},
      "is_param": true,
      "mpool_id": 1,
      "name": "gemm_9_weights_array",
      "nbits": 32,
      "offset_start": 919808,
      "qmn": {},
      "shape": [
        5,
        48
      ],
      "shape_map": [
        "CH",
        "CH_IN"
      ],
      "size_bytes": 960
    },
    {
      "alignment": 4,
      "batch": 0,
      "channel_first": true,
      "channel_last": true,
      "epochs": {
        "end": 8,
        "start": 5
      },
      "flags": "STAI_FLAG_PREALLOCATED|STAI_FLAG_ACTIVATIONS",
      "format": "STAI_FORMAT_FLOAT",
      "id": 196,
      "intq": {},
      "is_param": false,
      "mpool_id": 0,
      "name": "nl_0_nl_output_array",
      "nbits": 32,
      "offset_start": 1024,
      "qmn": {},
      "shape": [
        48
      ],
      "shape_map": [
        "CH"
      ],
      "size_bytes": 192
    },
    {
      "alignment": 4,
      "batch": 0,
      "channel_first": true,
      "channel_last": true,
      "epochs": {
        "end": 43,
        "start": 41
      },
      "flags": "STAI_FLAG_OUTPUTS|STAI_FLAG_PREALLOCATED|STAI_FLAG_ACTIVATIONS",
      "format": "STAI_FORMAT_FLOAT",
      "id": 232,
      "intq": {},
      "is_param": false,
      "mpool_id": 0,
      "name": "nl_10_output_array",
      "nbits": 32,
      "offset_start": 0,
      "qmn": {},
      "shape": [
        5
      ],
      "shape_map": [
        "CH"
      ],
      "size_bytes": 20
    },
    {
      "alignment": 4,
      "batch": 0,
      "channel_first": true,
      "channel_last": true,
      "epochs": {
        "end": 12,
        "start": 9
      },
      "flags": "STAI_FLAG_PREALLOCATED|STAI_FLAG_ACTIVATIONS",
      "format": "STAI_FORMAT_FLOAT",
      "id": 200,
      "intq": {},
      "is_param": false,
      "mpool_id": 0,
      "name": "nl_1_nl_output_array",
      "nbits": 32,
      "offset_start": 640,
      "qmn": {},
      "shape": [
        96
      ],
      "shape_map": [
        "CH"
      ],
      "size_bytes": 384
    },
    {
      "alignment": 4,
      "batch": 0,
      "channel_first": true,
      "channel_last": true,
      "epochs": {
        "end": 16,
        "start": 13
      },
      "flags": "STAI_FLAG_PREALLOCATED|STAI_FLAG_ACTIVATIONS",
      "format": "STAI_FORMAT_FLOAT",
      "id": 204,
      "intq": {},
      "is_param": false,
      "mpool_id": 0,
      "name": "nl_2_nl_output_array",
      "nbits": 32,
      "offset_start": 1024,
      "qmn": {},
      "shape": [
        192
      ],
      "shape_map": [
        "CH"
      ],
      "size_bytes": 768
    },
    {
      "alignment": 4,
      "batch": 0,
      "channel_first": true,
      "channel_last": true,
      "epochs": {
        "end": 20,
        "start": 17
      },
      "flags": "STAI_FLAG_PREALLOCATED|STAI_FLAG_ACTIVATIONS",
      "format": "STAI_FORMAT_FLOAT",
      "id": 208,
      "intq": {},
      "is_param": false,
      "mpool_id": 0,
      "name": "nl_3_nl_output_array",
      "nbits": 32,
      "offset_start": 0,
      "qmn": {},
      "shape": [
        256
      ],
      "shape_map": [
        "CH"
      ],
      "size_bytes": 1024
    },
    {
      "alignment": 4,
      "batch": 0,
      "channel_first": true,
      "channel_last": true,
      "epochs": {
        "end": 24,
        "start": 21
      },
      "flags": "STAI_FLAG_PREALLOCATED|STAI_FLAG_ACTIVATIONS",
      "format": "STAI_FORMAT_FLOAT",
      "id": 212,
      "intq": {},
      "is_param": false,
      "mpool_id": 0,
      "name": "nl_4_nl_output_array",
      "nbits": 32,
      "offset_start": 0,
      "qmn": {},
      "shape": [
        256
      ],
      "shape_map": [
        "CH"
      ],
      "size_bytes": 1024
    },
    {
      "alignment": 4,
      "batch": 0,
      "channel_first": true,
      "channel_last": true,
      "epochs": {
        "end": 28,
        "start": 25
      },
      "flags": "STAI_FLAG_PREALLOCATED|STAI_FLAG_ACTIVATIONS",
      "format": "STAI_FORMAT_FLOAT",
      "id": 216,
      "intq": {},
      "is_param": false,
      "mpool_id": 0,
      "name": "nl_5_nl_output_array",
      "nbits": 32,
      "offset_start": 0,
      "qmn": {},
      "shape": [
        192
      ],
      "shape_map": [
        "CH"
      ],
      "size_bytes": 768
    },
    {
      "alignment": 4,
      "batch": 0,
      "channel_first": true,
      "channel_last": true,
      "epochs": {
        "end": 32,
        "start": 29
      },
      "flags": "STAI_FLAG_PREALLOCATED|STAI_FLAG_ACTIVATIONS",
      "format": "STAI_FORMAT_FLOAT",
      "id": 220,
      "intq": {},
      "is_param": false,
      "mpool_id": 0,
      "name": "nl_6_nl_output_array",
      "nbits": 32,
      "offset_start": 0,
      "qmn": {},
      "shape": [
        128
      ],
      "shape_map": [
        "CH"
      ],
      "size_bytes": 512
    },
    {
      "alignment": 4,
      "batch": 0,
      "channel_first": true,
      "channel_last": true,
      "epochs": {
        "end": 36,
        "start": 33
      },
      "flags": "STAI_FLAG_PREALLOCATED|STAI_FLAG_ACTIVATIONS",
      "format": "STAI_FORMAT_FLOAT",
      "id": 224,
      "intq": {},
      "is_param": false,
      "mpool_id": 0,
      "name": "nl_7_nl_output_array",
      "nbits": 32,
      "offset_start": 0,
      "qmn": {},
      "shape": [
        96
      ],
      "shape_map": [
        "CH"
      ],
      "size_bytes": 384
    },
    {
      "alignment": 4,
      "batch": 0,
      "channel_first": true,
      "channel_last": true,
      "epochs": {
        "end": 40,
        "start": 37
      },
      "flags": "STAI_FLAG_PREALLOCATED|STAI_FLAG_ACTIVATIONS",
      "format": "STAI_FORMAT_FLOAT",
      "id": 228,
      "intq": {},
      "is_param": false,
      "mpool_id": 0,
      "name": "nl_8_nl_output_array",
      "nbits": 32,
      "offset_start": 0,
      "qmn": {},
      "shape": [
        48
      ],
      "shape_map": [
        "CH"
      ],
      "size_bytes": 192
    },
    {
      "alignment": 4,
      "batch": 0,
      "channel_first": true,
      "channel_last": true,
      "epochs": {
        "end": 4,
        "start": 2
      },
      "flags": "STAI_FLAG_INPUTS|STAI_FLAG_PREALLOCATED|STAI_FLAG_ACTIVATIONS",
      "format": "STAI_FORMAT_FLOAT",
      "id": 192,
      "intq": {},
      "is_param": false,
      "mpool_id": 0,
      "name": "serving_default_input_740_output_array",
      "nbits": 32,
      "offset_start": 1000,
      "qmn": {},
      "shape": [
        6
      ],
      "shape_map": [
        "CH"
      ],
      "size_bytes": 24
    }
  ],
  "environment": {
    "generated_model": {
      "generated_time": "2025-03-23T12:11:29+0100",
      "model_files": [
        {
          "name": "mnist_data_params.h",
          "signature": "0x6b6545ad43fd054dd62c54314b948d54"
        },
        {
          "name": "mnist_data_params.c",
          "signature": "0xe12b26d97bc9f85d037bbe57a32ec39f"
        },
        {
          "name": "mnist_data.h",
          "signature": "0x0b9500f831e66d6ce9e91ba09eef419f"
        },
        {
          "name": "mnist_data.c",
          "signature": "0x4ee6befea1daea747eace577690cb25e"
        },
        {
          "name": "mnist_config.h",
          "signature": "0x15d7fedf09a830a584e1ec51804d0b0f"
        },
        {
          "name": "mnist.h",
          "signature": "0xffaaee53dfffd55d011dde9bf8b8ce58"
        },
        {
          "name": "mnist.c",
          "signature": "0xa4c0376c5a94fae7ac3e7513db2eb11e"
        }
      ],
      "name": "mnist"
    },
    "network_signature": "0x70d9ae6aaa463521",
    "test_name": "",
    "tools": [
      {
        "arguments": "generate --target stm32l4 --name mnist -m C:/Users/kevin/Documents/Cours/ISMIN_2A/Electif_IA_manufacturing/Embedded_IA/Colab_IA_EMBARQUEE/Machine_Failure_model.tflite --compression none --verbosity 1 --workspace C:/Users/kevin/AppData/Local/Temp/mxAI_workspace87641294524480010850838556682963184 --output C:/Users/kevin/.stm32cubemx/mnist_output",
        "environment": [
          "STATS_TYPE=X-CUBE-AI"
        ],
        "input_model": {
          "model_files": [
            {
              "name": "Machine_Failure_model.tflite",
              "signature": "0x69ab716c4517124adb43b8b8376736d7"
            }
          ],
          "n_params": 230197,
          "name": "Machine_Failure_model",
          "size": 920788,
          "type": "tflite"
        },
        "name": "ST.EdgeAI.Core",
        "version": "2.0.0-20049"
      }
    ]
  },
  "graphs": [
    {
      "edges": [
        {
          "buffer": 194,
          "edge_kind": "EDGE_MEMORY",
          "end": {
            "node_id": 22,
            "port": 0
          },
          "id": 0,
          "name": "n21-p0_n22-p0",
          "start": {
            "node_id": 21,
            "port": 0
          }
        },
        {
          "buffer": 196,
          "edge_kind": "EDGE_MEMORY",
          "end": {
            "node_id": 23,
            "port": 0
          },
          "id": 1,
          "name": "n22-p0_n23-p0",
          "start": {
            "node_id": 22,
            "port": 0
          }
        },
        {
          "buffer": 198,
          "edge_kind": "EDGE_MEMORY",
          "end": {
            "node_id": 24,
            "port": 0
          },
          "id": 2,
          "name": "n23-p0_n24-p0",
          "start": {
            "node_id": 23,
            "port": 0
          }
        },
        {
          "buffer": 200,
          "edge_kind": "EDGE_MEMORY",
          "end": {
            "node_id": 25,
            "port": 0
          },
          "id": 3,
          "name": "n24-p0_n25-p0",
          "start": {
            "node_id": 24,
            "port": 0
          }
        },
        {
          "buffer": 202,
          "edge_kind": "EDGE_MEMORY",
          "end": {
            "node_id": 26,
            "port": 0
          },
          "id": 4,
          "name": "n25-p0_n26-p0",
          "start": {
            "node_id": 25,
            "port": 0
          }
        },
        {
          "buffer": 204,
          "edge_kind": "EDGE_MEMORY",
          "end": {
            "node_id": 27,
            "port": 0
          },
          "id": 5,
          "name": "n26-p0_n27-p0",
          "start": {
            "node_id": 26,
            "port": 0
          }
        },
        {
          "buffer": 206,
          "edge_kind": "EDGE_MEMORY",
          "end": {
            "node_id": 28,
            "port": 0
          },
          "id": 6,
          "name": "n27-p0_n28-p0",
          "start": {
            "node_id": 27,
            "port": 0
          }
        },
        {
          "buffer": 208,
          "edge_kind": "EDGE_MEMORY",
          "end": {
            "node_id": 29,
            "port": 0
          },
          "id": 7,
          "name": "n28-p0_n29-p0",
          "start": {
            "node_id": 28,
            "port": 0
          }
        },
        {
          "buffer": 210,
          "edge_kind": "EDGE_MEMORY",
          "end": {
            "node_id": 30,
            "port": 0
          },
          "id": 8,
          "name": "n29-p0_n30-p0",
          "start": {
            "node_id": 29,
            "port": 0
          }
        },
        {
          "buffer": 212,
          "edge_kind": "EDGE_MEMORY",
          "end": {
            "node_id": 31,
            "port": 0
          },
          "id": 9,
          "name": "n30-p0_n31-p0",
          "start": {
            "node_id": 30,
            "port": 0
          }
        },
        {
          "buffer": 214,
          "edge_kind": "EDGE_MEMORY",
          "end": {
            "node_id": 32,
            "port": 0
          },
          "id": 10,
          "name": "n31-p0_n32-p0",
          "start": {
            "node_id": 31,
            "port": 0
          }
        },
        {
          "buffer": 216,
          "edge_kind": "EDGE_MEMORY",
          "end": {
            "node_id": 33,
            "port": 0
          },
          "id": 11,
          "name": "n32-p0_n33-p0",
          "start": {
            "node_id": 32,
            "port": 0
          }
        },
        {
          "buffer": 218,
          "edge_kind": "EDGE_MEMORY",
          "end": {
            "node_id": 34,
            "port": 0
          },
          "id": 12,
          "name": "n33-p0_n34-p0",
          "start": {
            "node_id": 33,
            "port": 0
          }
        },
        {
          "buffer": 220,
          "edge_kind": "EDGE_MEMORY",
          "end": {
            "node_id": 35,
            "port": 0
          },
          "id": 13,
          "name": "n34-p0_n35-p0",
          "start": {
            "node_id": 34,
            "port": 0
          }
        },
        {
          "buffer": 222,
          "edge_kind": "EDGE_MEMORY",
          "end": {
            "node_id": 36,
            "port": 0
          },
          "id": 14,
          "name": "n35-p0_n36-p0",
          "start": {
            "node_id": 35,
            "port": 0
          }
        },
        {
          "buffer": 224,
          "edge_kind": "EDGE_MEMORY",
          "end": {
            "node_id": 37,
            "port": 0
          },
          "id": 15,
          "name": "n36-p0_n37-p0",
          "start": {
            "node_id": 36,
            "port": 0
          }
        },
        {
          "buffer": 226,
          "edge_kind": "EDGE_MEMORY",
          "end": {
            "node_id": 38,
            "port": 0
          },
          "id": 16,
          "name": "n37-p0_n38-p0",
          "start": {
            "node_id": 37,
            "port": 0
          }
        },
        {
          "buffer": 228,
          "edge_kind": "EDGE_MEMORY",
          "end": {
            "node_id": 39,
            "port": 0
          },
          "id": 17,
          "name": "n38-p0_n39-p0",
          "start": {
            "node_id": 38,
            "port": 0
          }
        },
        {
          "buffer": 230,
          "edge_kind": "EDGE_MEMORY",
          "end": {
            "node_id": 40,
            "port": 0
          },
          "id": 18,
          "name": "n39-p0_n40-p0",
          "start": {
            "node_id": 39,
            "port": 0
          }
        }
      ],
      "id": 0,
      "inputs": [
        192
      ],
      "name": "Machine_Failure_model",
      "nodes": [
        {
          "attributes": {
            "num_units": "48",
            "use_bias": "True"
          },
          "description": "Dense",
          "id": 21,
          "inputs": [
            192,
            234,
            237
          ],
          "macc": 336,
          "mapping": "NODE_SW",
          "name": "gemm_0",
          "original_nodes": [
            "0"
          ],
          "outputs": [
            194
          ],
          "scratchs": [],
          "subgraph_nodes": [],
          "sw_functions": [
            "forward_dense"
          ]
        },
        {
          "attributes": {
            "nonlinearity": "relu"
          },
          "description": "Nonlinearity",
          "id": 22,
          "inputs": [
            194
          ],
          "macc": 48,
          "mapping": "NODE_SW",
          "name": "nl_0_nl",
          "original_nodes": [
            "0"
          ],
          "outputs": [
            196
          ],
          "scratchs": [],
          "subgraph_nodes": [],
          "sw_functions": [
            "forward_relu"
          ]
        },
        {
          "attributes": {
            "num_units": "96",
            "use_bias": "True"
          },
          "description": "Dense",
          "id": 23,
          "inputs": [
            196,
            240,
            243
          ],
          "macc": 4704,
          "mapping": "NODE_SW",
          "name": "gemm_1",
          "original_nodes": [
            "1"
          ],
          "outputs": [
            198
          ],
          "scratchs": [],
          "subgraph_nodes": [],
          "sw_functions": [
            "forward_dense"
          ]
        },
        {
          "attributes": {
            "nonlinearity": "relu"
          },
          "description": "Nonlinearity",
          "id": 24,
          "inputs": [
            198
          ],
          "macc": 96,
          "mapping": "NODE_SW",
          "name": "nl_1_nl",
          "original_nodes": [
            "1"
          ],
          "outputs": [
            200
          ],
          "scratchs": [],
          "subgraph_nodes": [],
          "sw_functions": [
            "forward_relu"
          ]
        },
        {
          "attributes": {
            "num_units": "192",
            "use_bias": "True"
          },
          "description": "Dense",
          "id": 25,
          "inputs": [
            200,
            246,
            249
          ],
          "macc": 18624,
          "mapping": "NODE_SW",
          "name": "gemm_2",
          "original_nodes": [
            "2"
          ],
          "outputs": [
            202
          ],
          "scratchs": [],
          "subgraph_nodes": [],
          "sw_functions": [
            "forward_dense"
          ]
        },
        {
          "attributes": {
            "nonlinearity": "relu"
          },
          "description": "Nonlinearity",
          "id": 26,
          "inputs": [
            202
          ],
          "macc": 192,
          "mapping": "NODE_SW",
          "name": "nl_2_nl",
          "original_nodes": [
            "2"
          ],
          "outputs": [
            204
          ],
          "scratchs": [],
          "subgraph_nodes": [],
          "sw_functions": [
            "forward_relu"
          ]
        },
        {
          "attributes": {
            "num_units": "256",
            "use_bias": "True"
          },
          "description": "Dense",
          "id": 27,
          "inputs": [
            204,
            252,
            255
          ],
          "macc": 49408,
          "mapping": "NODE_SW",
          "name": "gemm_3",
          "original_nodes": [
            "3"
          ],
          "outputs": [
            206
          ],
          "scratchs": [],
          "subgraph_nodes": [],
          "sw_functions": [
            "forward_dense"
          ]
        },
        {
          "attributes": {
            "nonlinearity": "relu"
          },
          "description": "Nonlinearity",
          "id": 28,
          "inputs": [
            206
          ],
          "macc": 256,
          "mapping": "NODE_SW",
          "name": "nl_3_nl",
          "original_nodes": [
            "3"
          ],
          "outputs": [
            208
          ],
          "scratchs": [],
          "subgraph_nodes": [],
          "sw_functions": [
            "forward_relu"
          ]
        },
        {
          "attributes": {
            "num_units": "256",
            "use_bias": "True"
          },
          "description": "Dense",
          "id": 29,
          "inputs": [
            208,
            258,
            261
          ],
          "macc": 65792,
          "mapping": "NODE_SW",
          "name": "gemm_4",
          "original_nodes": [
            "4"
          ],
          "outputs": [
            210
          ],
          "scratchs": [],
          "subgraph_nodes": [],
          "sw_functions": [
            "forward_dense"
          ]
        },
        {
          "attributes": {
            "nonlinearity": "relu"
          },
          "description": "Nonlinearity",
          "id": 30,
          "inputs": [
            210
          ],
          "macc": 256,
          "mapping": "NODE_SW",
          "name": "nl_4_nl",
          "original_nodes": [
            "4"
          ],
          "outputs": [
            212
          ],
          "scratchs": [],
          "subgraph_nodes": [],
          "sw_functions": [
            "forward_relu"
          ]
        },
        {
          "attributes": {
            "num_units": "192",
            "use_bias": "True"
          },
          "description": "Dense",
          "id": 31,
          "inputs": [
            212,
            264,
            267
          ],
          "macc": 49344,
          "mapping": "NODE_SW",
          "name": "gemm_5",
          "original_nodes": [
            "5"
          ],
          "outputs": [
            214
          ],
          "scratchs": [],
          "subgraph_nodes": [],
          "sw_functions": [
            "forward_dense"
          ]
        },
        {
          "attributes": {
            "nonlinearity": "relu"
          },
          "description": "Nonlinearity",
          "id": 32,
          "inputs": [
            214
          ],
          "macc": 192,
          "mapping": "NODE_SW",
          "name": "nl_5_nl",
          "original_nodes": [
            "5"
          ],
          "outputs": [
            216
          ],
          "scratchs": [],
          "subgraph_nodes": [],
          "sw_functions": [
            "forward_relu"
          ]
        },
        {
          "attributes": {
            "num_units": "128",
            "use_bias": "True"
          },
          "description": "Dense",
          "id": 33,
          "inputs": [
            216,
            270,
            273
          ],
          "macc": 24704,
          "mapping": "NODE_SW",
          "name": "gemm_6",
          "original_nodes": [
            "6"
          ],
          "outputs": [
            218
          ],
          "scratchs": [],
          "subgraph_nodes": [],
          "sw_functions": [
            "forward_dense"
          ]
        },
        {
          "attributes": {
            "nonlinearity": "relu"
          },
          "description": "Nonlinearity",
          "id": 34,
          "inputs": [
            218
          ],
          "macc": 128,
          "mapping": "NODE_SW",
          "name": "nl_6_nl",
          "original_nodes": [
            "6"
          ],
          "outputs": [
            220
          ],
          "scratchs": [],
          "subgraph_nodes": [],
          "sw_functions": [
            "forward_relu"
          ]
        },
        {
          "attributes": {
            "num_units": "96",
            "use_bias": "True"
          },
          "description": "Dense",
          "id": 35,
          "inputs": [
            220,
            276,
            279
          ],
          "macc": 12384,
          "mapping": "NODE_SW",
          "name": "gemm_7",
          "original_nodes": [
            "7"
          ],
          "outputs": [
            222
          ],
          "scratchs": [],
          "subgraph_nodes": [],
          "sw_functions": [
            "forward_dense"
          ]
        },
        {
          "attributes": {
            "nonlinearity": "relu"
          },
          "description": "Nonlinearity",
          "id": 36,
          "inputs": [
            222
          ],
          "macc": 96,
          "mapping": "NODE_SW",
          "name": "nl_7_nl",
          "original_nodes": [
            "7"
          ],
          "outputs": [
            224
          ],
          "scratchs": [],
          "subgraph_nodes": [],
          "sw_functions": [
            "forward_relu"
          ]
        },
        {
          "attributes": {
            "num_units": "48",
            "use_bias": "True"
          },
          "description": "Dense",
          "id": 37,
          "inputs": [
            224,
            282,
            285
          ],
          "macc": 4656,
          "mapping": "NODE_SW",
          "name": "gemm_8",
          "original_nodes": [
            "8"
          ],
          "outputs": [
            226
          ],
          "scratchs": [],
          "subgraph_nodes": [],
          "sw_functions": [
            "forward_dense"
          ]
        },
        {
          "attributes": {
            "nonlinearity": "relu"
          },
          "description": "Nonlinearity",
          "id": 38,
          "inputs": [
            226
          ],
          "macc": 48,
          "mapping": "NODE_SW",
          "name": "nl_8_nl",
          "original_nodes": [
            "8"
          ],
          "outputs": [
            228
          ],
          "scratchs": [],
          "subgraph_nodes": [],
          "sw_functions": [
            "forward_relu"
          ]
        },
        {
          "attributes": {
            "num_units": "5",
            "use_bias": "True"
          },
          "description": "Dense",
          "id": 39,
          "inputs": [
            228,
            288,
            291
          ],
          "macc": 245,
          "mapping": "NODE_SW",
          "name": "gemm_9",
          "original_nodes": [
            "9"
          ],
          "outputs": [
            230
          ],
          "scratchs": [],
          "subgraph_nodes": [],
          "sw_functions": [
            "forward_dense"
          ]
        },
        {
          "attributes": {
            "axis": "CH",
            "nonlinearity": "softmax",
            "orig_axis": "-1"
          },
          "description": "Nonlinearity",
          "id": 40,
          "inputs": [
            230
          ],
          "macc": 75,
          "mapping": "NODE_SW",
          "name": "nl_10",
          "original_nodes": [
            "10"
          ],
          "outputs": [
            232
          ],
          "scratchs": [],
          "subgraph_nodes": [],
          "sw_functions": [
            "forward_sm"
          ]
        }
      ],
      "original_inputs": [
        {
          "serving_default_input_740": {
            "data_type": "float32",
            "shape": "(BATCH: 1, CH: 6)"
          }
        }
      ],
      "original_outputs": [
        {
          "nl_10": {
            "data_type": "float32",
            "shape": "(BATCH: 1, CH: 5)"
          }
        }
      ],
      "outputs": [
        232
      ]
    }
  ],
  "json_schema_version": "2.0",
  "memory_footprint": {
    "activations": 2048,
    "io": [
      0,
      0
    ],
    "kernel_flash": 14148,
    "kernel_ram": 5460,
    "series": "stm32l4",
    "toolchain": "arm-none-eabi-gcc (GNU Tools for STM32 12.3.rel1.20240926-1715) 12.3.1 20230626",
    "toolchain_flash": 638,
    "toolchain_ram": 0,
    "weights": 920788
  },
  "memory_pools": [
    {
      "address": "NULL",
      "alignment": 4,
      "attributes": {
        "latency": "HIGH",
        "score": 768,
        "throughput": "LOW"
      },
      "buffers": [
        192,
        194,
        196,
        198,
        200,
        202,
        204,
        206,
        208,
        210,
        212,
        214,
        216,
        218,
        220,
        222,
        224,
        226,
        228,
        230,
        232
      ],
      "id": 0,
      "name": "heap_overlay_pool",
      "offset_start": 0,
      "persistent": false,
      "rights": "ACC_WRITE",
      "size_bytes": -1,
      "subpools": [],
      "used_size_bytes": 2048,
      "user_allocated": false,
      "virtual": false
    },
    {
      "address": "s_mnist_weights_array_u64",
      "alignment": 0,
      "attributes": {
        "latency": "UNDEF",
        "score": 0,
        "throughput": "UNDEF"
      },
      "buffers": [
        234,
        237,
        240,
        243,
        246,
        249,
        252,
        255,
        258,
        261,
        264,
        267,
        270,
        273,
        276,
        279,
        282,
        285,
        288,
        291
      ],
      "id": 1,
      "name": "weights_array",
      "offset_start": 0,
      "persistent": true,
      "rights": "ACC_READ",
      "size_bytes": -1,
      "subpools": [],
      "used_size_bytes": 920788,
      "user_allocated": false,
      "virtual": false
    }
  ]
}