{
    "activations": {
        "heap_overlay_pool": {
            "activation_alignment": 4,
            "buffer_data_size": 0,
            "buffer_offsets": [
                {
                    "buffer_name": "input_36_output_array",
                    "offset": 1000,
                    "size": 24
                },
                {
                    "buffer_name": "dense_240_dense_output_array",
                    "offset": 1024,
                    "size": 192
                },
                {
                    "buffer_name": "dense_240_output_array",
                    "offset": 1024,
                    "size": 192
                },
                {
                    "buffer_name": "dense_241_dense_output_array",
                    "offset": 640,
                    "size": 384
                },
                {
                    "buffer_name": "dense_241_output_array",
                    "offset": 640,
                    "size": 384
                },
                {
                    "buffer_name": "dense_242_dense_output_array",
                    "offset": 1024,
                    "size": 768
                },
                {
                    "buffer_name": "dense_242_output_array",
                    "offset": 1024,
                    "size": 768
                },
                {
                    "buffer_name": "dense_243_dense_output_array",
                    "offset": 0,
                    "size": 1024
                },
                {
                    "buffer_name": "dense_243_output_array",
                    "offset": 0,
                    "size": 1024
                },
                {
                    "buffer_name": "dense_244_dense_output_array",
                    "offset": 1024,
                    "size": 1024
                },
                {
                    "buffer_name": "dense_244_output_array",
                    "offset": 0,
                    "size": 1024
                },
                {
                    "buffer_name": "dense_245_dense_output_array",
                    "offset": 1024,
                    "size": 1024
                },
                {
                    "buffer_name": "dense_245_output_array",
                    "offset": 0,
                    "size": 1024
                },
                {
                    "buffer_name": "dense_246_dense_output_array",
                    "offset": 1024,
                    "size": 1024
                },
                {
                    "buffer_name": "dense_246_output_array",
                    "offset": 0,
                    "size": 1024
                },
                {
                    "buffer_name": "dense_247_dense_output_array",
                    "offset": 1024,
                    "size": 768
                },
                {
                    "buffer_name": "dense_247_output_array",
                    "offset": 0,
                    "size": 768
                },
                {
                    "buffer_name": "dense_248_dense_output_array",
                    "offset": 768,
                    "size": 384
                },
                {
                    "buffer_name": "dense_248_output_array",
                    "offset": 0,
                    "size": 384
                },
                {
                    "buffer_name": "dense_249_dense_output_array",
                    "offset": 384,
                    "size": 192
                },
                {
                    "buffer_name": "dense_249_output_array",
                    "offset": 0,
                    "size": 192
                },
                {
                    "buffer_name": "dense_250_dense_output_array",
                    "offset": 192,
                    "size": 20
                },
                {
                    "buffer_name": "dense_250_output_array",
                    "offset": 0,
                    "size": 20
                }
            ],
            "data_alignment": 4,
            "pool_id": 0,
            "pool_size": -1,
            "used_size": 2048
        }
    },
    "activations_alignment": 4,
    "arguments": "validate --target stm32l4 --name mnist -m C:/Users/kevin/Documents/Cours/ISMIN_2A/Electif_IA_manufacturing/Embedded_IA/Colab_IA_EMBARQUEE/Machine_Failure_model.h5 --compression none --verbosity 1 --workspace C:/Users/kevin/AppData/Local/Temp/mxAI_workspace87058815632360017466389647538457586 --output C:/Users/kevin/.stm32cubemx/mnist_output --valoutput C:/Users/kevin/Documents/Cours/ISMIN_2A/Electif_IA_manufacturing/Embedded_IA/Colab_IA_EMBARQUEE/Machine_Failure_Y_test.npy --valinput C:/Users/kevin/Documents/Cours/ISMIN_2A/Electif_IA_manufacturing/Embedded_IA/Colab_IA_EMBARQUEE/Machine_Failure_X_test.npy",
    "c_activations_count": 1,
    "c_arrays": [
        {
            "c_bits": 32,
            "c_id": 0,
            "c_mem_pool": "weights",
            "c_size_in_byte": 192,
            "c_type": "const float",
            "format": "float",
            "is_const": true,
            "mem_pool": "weights",
            "n_items": 48,
            "name": "dense_240_dense_bias_array",
            "offset": 1152,
            "scale": [],
            "size": 48,
            "tensors": [
                {
                    "name": "dense_240_dense_bias",
                    "shape": [
                        48
                    ]
                }
            ],
            "zeropoint": [],
            "zeros": 0
        },
        {
            "c_bits": 32,
            "c_id": 1,
            "c_mem_pool": "**default**",
            "c_size_in_byte": 192,
            "c_type": "float",
            "format": "float",
            "is_const": false,
            "mem_pool": "activations",
            "n_items": 48,
            "name": "dense_240_dense_output_array",
            "offset": 1024,
            "scale": [],
            "size": 48,
            "tensors": [
                {
                    "name": "dense_240_dense_output",
                    "shape": [
                        48
                    ]
                }
            ],
            "zeropoint": []
        },
        {
            "c_bits": 32,
            "c_id": 2,
            "c_mem_pool": "weights",
            "c_size_in_byte": 1152,
            "c_type": "const float",
            "format": "float",
            "is_const": true,
            "mem_pool": "weights",
            "n_items": 288,
            "name": "dense_240_dense_weights_array",
            "offset": 0,
            "scale": [],
            "size": 288,
            "tensors": [
                {
                    "name": "dense_240_dense_weights",
                    "shape": [
                        48,
                        6
                    ]
                }
            ],
            "zeropoint": [],
            "zeros": 0
        },
        {
            "c_bits": 32,
            "c_id": 3,
            "c_mem_pool": "**default**",
            "c_size_in_byte": 192,
            "c_type": "float",
            "format": "float",
            "is_const": false,
            "mem_pool": "activations",
            "n_items": 48,
            "name": "dense_240_output_array",
            "offset": 1024,
            "scale": [],
            "size": 48,
            "tensors": [
                {
                    "name": "dense_240_output",
                    "shape": [
                        48
                    ]
                }
            ],
            "zeropoint": []
        },
        {
            "c_bits": 32,
            "c_id": 4,
            "c_mem_pool": "weights",
            "c_size_in_byte": 384,
            "c_type": "const float",
            "format": "float",
            "is_const": true,
            "mem_pool": "weights",
            "n_items": 96,
            "name": "dense_241_dense_bias_array",
            "offset": 19776,
            "scale": [],
            "size": 96,
            "tensors": [
                {
                    "name": "dense_241_dense_bias",
                    "shape": [
                        96
                    ]
                }
            ],
            "zeropoint": [],
            "zeros": 0
        },
        {
            "c_bits": 32,
            "c_id": 5,
            "c_mem_pool": "**default**",
            "c_size_in_byte": 384,
            "c_type": "float",
            "format": "float",
            "is_const": false,
            "mem_pool": "activations",
            "n_items": 96,
            "name": "dense_241_dense_output_array",
            "offset": 640,
            "scale": [],
            "size": 96,
            "tensors": [
                {
                    "name": "dense_241_dense_output",
                    "shape": [
                        96
                    ]
                }
            ],
            "zeropoint": []
        },
        {
            "c_bits": 32,
            "c_id": 6,
            "c_mem_pool": "weights",
            "c_size_in_byte": 18432,
            "c_type": "const float",
            "format": "float",
            "is_const": true,
            "mem_pool": "weights",
            "n_items": 4608,
            "name": "dense_241_dense_weights_array",
            "offset": 1344,
            "scale": [],
            "size": 4608,
            "tensors": [
                {
                    "name": "dense_241_dense_weights",
                    "shape": [
                        96,
                        48
                    ]
                }
            ],
            "zeropoint": [],
            "zeros": 0
        },
        {
            "c_bits": 32,
            "c_id": 7,
            "c_mem_pool": "**default**",
            "c_size_in_byte": 384,
            "c_type": "float",
            "format": "float",
            "is_const": false,
            "mem_pool": "activations",
            "n_items": 96,
            "name": "dense_241_output_array",
            "offset": 640,
            "scale": [],
            "size": 96,
            "tensors": [
                {
                    "name": "dense_241_output",
                    "shape": [
                        96
                    ]
                }
            ],
            "zeropoint": []
        },
        {
            "c_bits": 32,
            "c_id": 8,
            "c_mem_pool": "weights",
            "c_size_in_byte": 768,
            "c_type": "const float",
            "format": "float",
            "is_const": true,
            "mem_pool": "weights",
            "n_items": 192,
            "name": "dense_242_dense_bias_array",
            "offset": 93888,
            "scale": [],
            "size": 192,
            "tensors": [
                {
                    "name": "dense_242_dense_bias",
                    "shape": [
                        192
                    ]
                }
            ],
            "zeropoint": [],
            "zeros": 0
        },
        {
            "c_bits": 32,
            "c_id": 9,
            "c_mem_pool": "**default**",
            "c_size_in_byte": 768,
            "c_type": "float",
            "format": "float",
            "is_const": false,
            "mem_pool": "activations",
            "n_items": 192,
            "name": "dense_242_dense_output_array",
            "offset": 1024,
            "scale": [],
            "size": 192,
            "tensors": [
                {
                    "name": "dense_242_dense_output",
                    "shape": [
                        192
                    ]
                }
            ],
            "zeropoint": []
        },
        {
            "c_bits": 32,
            "c_id": 10,
            "c_mem_pool": "weights",
            "c_size_in_byte": 73728,
            "c_type": "const float",
            "format": "float",
            "is_const": true,
            "mem_pool": "weights",
            "n_items": 18432,
            "name": "dense_242_dense_weights_array",
            "offset": 20160,
            "scale": [],
            "size": 18432,
            "tensors": [
                {
                    "name": "dense_242_dense_weights",
                    "shape": [
                        192,
                        96
                    ]
                }
            ],
            "zeropoint": [],
            "zeros": 0
        },
        {
            "c_bits": 32,
            "c_id": 11,
            "c_mem_pool": "**default**",
            "c_size_in_byte": 768,
            "c_type": "float",
            "format": "float",
            "is_const": false,
            "mem_pool": "activations",
            "n_items": 192,
            "name": "dense_242_output_array",
            "offset": 1024,
            "scale": [],
            "size": 192,
            "tensors": [
                {
                    "name": "dense_242_output",
                    "shape": [
                        192
                    ]
                }
            ],
            "zeropoint": []
        },
        {
            "c_bits": 32,
            "c_id": 12,
            "c_mem_pool": "weights",
            "c_size_in_byte": 1024,
            "c_type": "const float",
            "format": "float",
            "is_const": true,
            "mem_pool": "weights",
            "n_items": 256,
            "name": "dense_243_dense_bias_array",
            "offset": 291264,
            "scale": [],
            "size": 256,
            "tensors": [
                {
                    "name": "dense_243_dense_bias",
                    "shape": [
                        256
                    ]
                }
            ],
            "zeropoint": [],
            "zeros": 0
        },
        {
            "c_bits": 32,
            "c_id": 13,
            "c_mem_pool": "**default**",
            "c_size_in_byte": 1024,
            "c_type": "float",
            "format": "float",
            "is_const": false,
            "mem_pool": "activations",
            "n_items": 256,
            "name": "dense_243_dense_output_array",
            "offset": 0,
            "scale": [],
            "size": 256,
            "tensors": [
                {
                    "name": "dense_243_dense_output",
                    "shape": [
                        256
                    ]
                }
            ],
            "zeropoint": []
        },
        {
            "c_bits": 32,
            "c_id": 14,
            "c_mem_pool": "weights",
            "c_size_in_byte": 196608,
            "c_type": "const float",
            "format": "float",
            "is_const": true,
            "mem_pool": "weights",
            "n_items": 49152,
            "name": "dense_243_dense_weights_array",
            "offset": 94656,
            "scale": [],
            "size": 49152,
            "tensors": [
                {
                    "name": "dense_243_dense_weights",
                    "shape": [
                        256,
                        192
                    ]
                }
            ],
            "zeropoint": [],
            "zeros": 0
        },
        {
            "c_bits": 32,
            "c_id": 15,
            "c_mem_pool": "**default**",
            "c_size_in_byte": 1024,
            "c_type": "float",
            "format": "float",
            "is_const": false,
            "mem_pool": "activations",
            "n_items": 256,
            "name": "dense_243_output_array",
            "offset": 0,
            "scale": [],
            "size": 256,
            "tensors": [
                {
                    "name": "dense_243_output",
                    "shape": [
                        256
                    ]
                }
            ],
            "zeropoint": []
        },
        {
            "c_bits": 32,
            "c_id": 16,
            "c_mem_pool": "weights",
            "c_size_in_byte": 1024,
            "c_type": "const float",
            "format": "float",
            "is_const": true,
            "mem_pool": "weights",
            "n_items": 256,
            "name": "dense_244_dense_bias_array",
            "offset": 554432,
            "scale": [],
            "size": 256,
            "tensors": [
                {
                    "name": "dense_244_dense_bias",
                    "shape": [
                        256
                    ]
                }
            ],
            "zeropoint": [],
            "zeros": 0
        },
        {
            "c_bits": 32,
            "c_id": 17,
            "c_mem_pool": "**default**",
            "c_size_in_byte": 1024,
            "c_type": "float",
            "format": "float",
            "is_const": false,
            "mem_pool": "activations",
            "n_items": 256,
            "name": "dense_244_dense_output_array",
            "offset": 1024,
            "scale": [],
            "size": 256,
            "tensors": [
                {
                    "name": "dense_244_dense_output",
                    "shape": [
                        256
                    ]
                }
            ],
            "zeropoint": []
        },
        {
            "c_bits": 32,
            "c_id": 18,
            "c_mem_pool": "weights",
            "c_size_in_byte": 262144,
            "c_type": "const float",
            "format": "float",
            "is_const": true,
            "mem_pool": "weights",
            "n_items": 65536,
            "name": "dense_244_dense_weights_array",
            "offset": 292288,
            "scale": [],
            "size": 65536,
            "tensors": [
                {
                    "name": "dense_244_dense_weights",
                    "shape": [
                        256,
                        256
                    ]
                }
            ],
            "zeropoint": [],
            "zeros": 0
        },
        {
            "c_bits": 32,
            "c_id": 19,
            "c_mem_pool": "**default**",
            "c_size_in_byte": 1024,
            "c_type": "float",
            "format": "float",
            "is_const": false,
            "mem_pool": "activations",
            "n_items": 256,
            "name": "dense_244_output_array",
            "offset": 0,
            "scale": [],
            "size": 256,
            "tensors": [
                {
                    "name": "dense_244_output",
                    "shape": [
                        256
                    ]
                }
            ],
            "zeropoint": []
        },
        {
            "c_bits": 32,
            "c_id": 20,
            "c_mem_pool": "weights",
            "c_size_in_byte": 1024,
            "c_type": "const float",
            "format": "float",
            "is_const": true,
            "mem_pool": "weights",
            "n_items": 256,
            "name": "dense_245_dense_bias_array",
            "offset": 817600,
            "scale": [],
            "size": 256,
            "tensors": [
                {
                    "name": "dense_245_dense_bias",
                    "shape": [
                        256
                    ]
                }
            ],
            "zeropoint": [],
            "zeros": 0
        },
        {
            "c_bits": 32,
            "c_id": 21,
            "c_mem_pool": "**default**",
            "c_size_in_byte": 1024,
            "c_type": "float",
            "format": "float",
            "is_const": false,
            "mem_pool": "activations",
            "n_items": 256,
            "name": "dense_245_dense_output_array",
            "offset": 1024,
            "scale": [],
            "size": 256,
            "tensors": [
                {
                    "name": "dense_245_dense_output",
                    "shape": [
                        256
                    ]
                }
            ],
            "zeropoint": []
        },
        {
            "c_bits": 32,
            "c_id": 22,
            "c_mem_pool": "weights",
            "c_size_in_byte": 262144,
            "c_type": "const float",
            "format": "float",
            "is_const": true,
            "mem_pool": "weights",
            "n_items": 65536,
            "name": "dense_245_dense_weights_array",
            "offset": 555456,
            "scale": [],
            "size": 65536,
            "tensors": [
                {
                    "name": "dense_245_dense_weights",
                    "shape": [
                        256,
                        256
                    ]
                }
            ],
            "zeropoint": [],
            "zeros": 0
        },
        {
            "c_bits": 32,
            "c_id": 23,
            "c_mem_pool": "**default**",
            "c_size_in_byte": 1024,
            "c_type": "float",
            "format": "float",
            "is_const": false,
            "mem_pool": "activations",
            "n_items": 256,
            "name": "dense_245_output_array",
            "offset": 0,
            "scale": [],
            "size": 256,
            "tensors": [
                {
                    "name": "dense_245_output",
                    "shape": [
                        256
                    ]
                }
            ],
            "zeropoint": []
        },
        {
            "c_bits": 32,
            "c_id": 24,
            "c_mem_pool": "weights",
            "c_size_in_byte": 1024,
            "c_type": "const float",
            "format": "float",
            "is_const": true,
            "mem_pool": "weights",
            "n_items": 256,
            "name": "dense_246_dense_bias_array",
            "offset": 1080768,
            "scale": [],
            "size": 256,
            "tensors": [
                {
                    "name": "dense_246_dense_bias",
                    "shape": [
                        256
                    ]
                }
            ],
            "zeropoint": [],
            "zeros": 0
        },
        {
            "c_bits": 32,
            "c_id": 25,
            "c_mem_pool": "**default**",
            "c_size_in_byte": 1024,
            "c_type": "float",
            "format": "float",
            "is_const": false,
            "mem_pool": "activations",
            "n_items": 256,
            "name": "dense_246_dense_output_array",
            "offset": 1024,
            "scale": [],
            "size": 256,
            "tensors": [
                {
                    "name": "dense_246_dense_output",
                    "shape": [
                        256
                    ]
                }
            ],
            "zeropoint": []
        },
        {
            "c_bits": 32,
            "c_id": 26,
            "c_mem_pool": "weights",
            "c_size_in_byte": 262144,
            "c_type": "const float",
            "format": "float",
            "is_const": true,
            "mem_pool": "weights",
            "n_items": 65536,
            "name": "dense_246_dense_weights_array",
            "offset": 818624,
            "scale": [],
            "size": 65536,
            "tensors": [
                {
                    "name": "dense_246_dense_weights",
                    "shape": [
                        256,
                        256
                    ]
                }
            ],
            "zeropoint": [],
            "zeros": 0
        },
        {
            "c_bits": 32,
            "c_id": 27,
            "c_mem_pool": "**default**",
            "c_size_in_byte": 1024,
            "c_type": "float",
            "format": "float",
            "is_const": false,
            "mem_pool": "activations",
            "n_items": 256,
            "name": "dense_246_output_array",
            "offset": 0,
            "scale": [],
            "size": 256,
            "tensors": [
                {
                    "name": "dense_246_output",
                    "shape": [
                        256
                    ]
                }
            ],
            "zeropoint": []
        },
        {
            "c_bits": 32,
            "c_id": 28,
            "c_mem_pool": "weights",
            "c_size_in_byte": 768,
            "c_type": "const float",
            "format": "float",
            "is_const": true,
            "mem_pool": "weights",
            "n_items": 192,
            "name": "dense_247_dense_bias_array",
            "offset": 1278400,
            "scale": [],
            "size": 192,
            "tensors": [
                {
                    "name": "dense_247_dense_bias",
                    "shape": [
                        192
                    ]
                }
            ],
            "zeropoint": [],
            "zeros": 0
        },
        {
            "c_bits": 32,
            "c_id": 29,
            "c_mem_pool": "**default**",
            "c_size_in_byte": 768,
            "c_type": "float",
            "format": "float",
            "is_const": false,
            "mem_pool": "activations",
            "n_items": 192,
            "name": "dense_247_dense_output_array",
            "offset": 1024,
            "scale": [],
            "size": 192,
            "tensors": [
                {
                    "name": "dense_247_dense_output",
                    "shape": [
                        192
                    ]
                }
            ],
            "zeropoint": []
        },
        {
            "c_bits": 32,
            "c_id": 30,
            "c_mem_pool": "weights",
            "c_size_in_byte": 196608,
            "c_type": "const float",
            "format": "float",
            "is_const": true,
            "mem_pool": "weights",
            "n_items": 49152,
            "name": "dense_247_dense_weights_array",
            "offset": 1081792,
            "scale": [],
            "size": 49152,
            "tensors": [
                {
                    "name": "dense_247_dense_weights",
                    "shape": [
                        192,
                        256
                    ]
                }
            ],
            "zeropoint": [],
            "zeros": 0
        },
        {
            "c_bits": 32,
            "c_id": 31,
            "c_mem_pool": "**default**",
            "c_size_in_byte": 768,
            "c_type": "float",
            "format": "float",
            "is_const": false,
            "mem_pool": "activations",
            "n_items": 192,
            "name": "dense_247_output_array",
            "offset": 0,
            "scale": [],
            "size": 192,
            "tensors": [
                {
                    "name": "dense_247_output",
                    "shape": [
                        192
                    ]
                }
            ],
            "zeropoint": []
        },
        {
            "c_bits": 32,
            "c_id": 32,
            "c_mem_pool": "weights",
            "c_size_in_byte": 384,
            "c_type": "const float",
            "format": "float",
            "is_const": true,
            "mem_pool": "weights",
            "n_items": 96,
            "name": "dense_248_dense_bias_array",
            "offset": 1352896,
            "scale": [],
            "size": 96,
            "tensors": [
                {
                    "name": "dense_248_dense_bias",
                    "shape": [
                        96
                    ]
                }
            ],
            "zeropoint": [],
            "zeros": 0
        },
        {
            "c_bits": 32,
            "c_id": 33,
            "c_mem_pool": "**default**",
            "c_size_in_byte": 384,
            "c_type": "float",
            "format": "float",
            "is_const": false,
            "mem_pool": "activations",
            "n_items": 96,
            "name": "dense_248_dense_output_array",
            "offset": 768,
            "scale": [],
            "size": 96,
            "tensors": [
                {
                    "name": "dense_248_dense_output",
                    "shape": [
                        96
                    ]
                }
            ],
            "zeropoint": []
        },
        {
            "c_bits": 32,
            "c_id": 34,
            "c_mem_pool": "weights",
            "c_size_in_byte": 73728,
            "c_type": "const float",
            "format": "float",
            "is_const": true,
            "mem_pool": "weights",
            "n_items": 18432,
            "name": "dense_248_dense_weights_array",
            "offset": 1279168,
            "scale": [],
            "size": 18432,
            "tensors": [
                {
                    "name": "dense_248_dense_weights",
                    "shape": [
                        96,
                        192
                    ]
                }
            ],
            "zeropoint": [],
            "zeros": 0
        },
        {
            "c_bits": 32,
            "c_id": 35,
            "c_mem_pool": "**default**",
            "c_size_in_byte": 384,
            "c_type": "float",
            "format": "float",
            "is_const": false,
            "mem_pool": "activations",
            "n_items": 96,
            "name": "dense_248_output_array",
            "offset": 0,
            "scale": [],
            "size": 96,
            "tensors": [
                {
                    "name": "dense_248_output",
                    "shape": [
                        96
                    ]
                }
            ],
            "zeropoint": []
        },
        {
            "c_bits": 32,
            "c_id": 36,
            "c_mem_pool": "weights",
            "c_size_in_byte": 192,
            "c_type": "const float",
            "format": "float",
            "is_const": true,
            "mem_pool": "weights",
            "n_items": 48,
            "name": "dense_249_dense_bias_array",
            "offset": 1371712,
            "scale": [],
            "size": 48,
            "tensors": [
                {
                    "name": "dense_249_dense_bias",
                    "shape": [
                        48
                    ]
                }
            ],
            "zeropoint": [],
            "zeros": 0
        },
        {
            "c_bits": 32,
            "c_id": 37,
            "c_mem_pool": "**default**",
            "c_size_in_byte": 192,
            "c_type": "float",
            "format": "float",
            "is_const": false,
            "mem_pool": "activations",
            "n_items": 48,
            "name": "dense_249_dense_output_array",
            "offset": 384,
            "scale": [],
            "size": 48,
            "tensors": [
                {
                    "name": "dense_249_dense_output",
                    "shape": [
                        48
                    ]
                }
            ],
            "zeropoint": []
        },
        {
            "c_bits": 32,
            "c_id": 38,
            "c_mem_pool": "weights",
            "c_size_in_byte": 18432,
            "c_type": "const float",
            "format": "float",
            "is_const": true,
            "mem_pool": "weights",
            "n_items": 4608,
            "name": "dense_249_dense_weights_array",
            "offset": 1353280,
            "scale": [],
            "size": 4608,
            "tensors": [
                {
                    "name": "dense_249_dense_weights",
                    "shape": [
                        48,
                        96
                    ]
                }
            ],
            "zeropoint": [],
            "zeros": 0
        },
        {
            "c_bits": 32,
            "c_id": 39,
            "c_mem_pool": "**default**",
            "c_size_in_byte": 192,
            "c_type": "float",
            "format": "float",
            "is_const": false,
            "mem_pool": "activations",
            "n_items": 48,
            "name": "dense_249_output_array",
            "offset": 0,
            "scale": [],
            "size": 48,
            "tensors": [
                {
                    "name": "dense_249_output",
                    "shape": [
                        48
                    ]
                }
            ],
            "zeropoint": []
        },
        {
            "c_bits": 32,
            "c_id": 40,
            "c_mem_pool": "weights",
            "c_size_in_byte": 20,
            "c_type": "const float",
            "format": "float",
            "is_const": true,
            "mem_pool": "weights",
            "n_items": 5,
            "name": "dense_250_dense_bias_array",
            "offset": 1372864,
            "scale": [],
            "size": 5,
            "tensors": [
                {
                    "name": "dense_250_dense_bias",
                    "shape": [
                        5
                    ]
                }
            ],
            "zeropoint": [],
            "zeros": 0
        },
        {
            "c_bits": 32,
            "c_id": 41,
            "c_mem_pool": "**default**",
            "c_size_in_byte": 20,
            "c_type": "float",
            "format": "float",
            "is_const": false,
            "mem_pool": "activations",
            "n_items": 5,
            "name": "dense_250_dense_output_array",
            "offset": 192,
            "scale": [],
            "size": 5,
            "tensors": [
                {
                    "name": "dense_250_dense_output",
                    "shape": [
                        5
                    ]
                }
            ],
            "zeropoint": []
        },
        {
            "c_bits": 32,
            "c_id": 42,
            "c_mem_pool": "weights",
            "c_size_in_byte": 960,
            "c_type": "const float",
            "format": "float",
            "is_const": true,
            "mem_pool": "weights",
            "n_items": 240,
            "name": "dense_250_dense_weights_array",
            "offset": 1371904,
            "scale": [],
            "size": 240,
            "tensors": [
                {
                    "name": "dense_250_dense_weights",
                    "shape": [
                        5,
                        48
                    ]
                }
            ],
            "zeropoint": [],
            "zeros": 0
        },
        {
            "c_bits": 32,
            "c_id": 43,
            "c_mem_pool": "**default**",
            "c_size_in_byte": 20,
            "c_type": "float",
            "format": "float",
            "io_type": "output",
            "is_const": false,
            "mem_pool": "activations",
            "n_items": 5,
            "name": "dense_250_output_array",
            "offset": 0,
            "scale": [],
            "size": 5,
            "tensors": [
                {
                    "name": "dense_250_output",
                    "shape": [
                        5
                    ]
                }
            ],
            "zeropoint": []
        },
        {
            "c_bits": 32,
            "c_id": 44,
            "c_mem_pool": "**default**",
            "c_size_in_byte": 24,
            "c_type": "float",
            "format": "float",
            "io_type": "input",
            "is_const": false,
            "mem_pool": "activations",
            "n_items": 6,
            "name": "input_36_output_array",
            "offset": 1000,
            "scale": [],
            "size": 6,
            "tensors": [
                {
                    "name": "input_36_output",
                    "shape": [
                        6
                    ]
                }
            ],
            "zeropoint": []
        }
    ],
    "c_arrays_n": 45,
    "c_layers": [
        {
            "c_forward": [
                "forward_dense"
            ],
            "c_id": 0,
            "exec_time": {
                "counters": [],
                "cycles": 0,
                "cycles_by_macc": 0.0,
                "duration_ms": 0.000627151081635907,
                "percentage": 0.3097817358369508
            },
            "is_wrapped": "",
            "layer_type": "Dense",
            "m_id": 1,
            "macc": 336,
            "name": "dense_240_dense",
            "op_by_type": {
                "smul_f32_f32": 336
            },
            "rom": 1344,
            "tensors": {
                "inputs": [
                    "input_36_output"
                ],
                "outputs": [
                    "dense_240_dense_output"
                ],
                "scratchs": [],
                "weights": [
                    "dense_240_dense_weights",
                    "dense_240_dense_bias"
                ]
            },
            "weight_sparsity": [
                0.0,
                336,
                0
            ]
        },
        {
            "c_forward": [
                "forward_relu"
            ],
            "c_id": 1,
            "exec_time": {
                "counters": [],
                "cycles": 0,
                "cycles_by_macc": 0.0,
                "duration_ms": 0.00022753347161031875,
                "percentage": 0.11239032485217434
            },
            "is_wrapped": "",
            "layer_type": "Nonlinearity",
            "m_id": 1,
            "macc": 48,
            "name": "dense_240",
            "op_by_type": {
                "op_f32_f32": 48
            },
            "rom": 0,
            "tensors": {
                "inputs": [
                    "dense_240_dense_output"
                ],
                "outputs": [
                    "dense_240_output"
                ],
                "scratchs": [],
                "weights": []
            },
            "weight_sparsity": [
                0.0,
                1,
                0
            ]
        },
        {
            "c_forward": [
                "forward_dense"
            ],
            "c_id": 2,
            "exec_time": {
                "counters": [],
                "cycles": 0,
                "cycles_by_macc": 0.0,
                "duration_ms": 0.0016902486393477476,
                "percentage": 0.8348995526362984
            },
            "is_wrapped": "",
            "layer_type": "Dense",
            "m_id": 4,
            "macc": 4704,
            "name": "dense_241_dense",
            "op_by_type": {
                "smul_f32_f32": 4704
            },
            "rom": 18816,
            "tensors": {
                "inputs": [
                    "dense_240_output"
                ],
                "outputs": [
                    "dense_241_dense_output"
                ],
                "scratchs": [],
                "weights": [
                    "dense_241_dense_weights",
                    "dense_241_dense_bias"
                ]
            },
            "weight_sparsity": [
                0.0,
                4704,
                0
            ]
        },
        {
            "c_forward": [
                "forward_relu"
            ],
            "c_id": 3,
            "exec_time": {
                "counters": [],
                "cycles": 0,
                "cycles_by_macc": 0.0,
                "duration_ms": 0.0001491395864336543,
                "percentage": 0.07366760788629916
            },
            "is_wrapped": "",
            "layer_type": "Nonlinearity",
            "m_id": 4,
            "macc": 96,
            "name": "dense_241",
            "op_by_type": {
                "op_f32_f32": 96
            },
            "rom": 0,
            "tensors": {
                "inputs": [
                    "dense_241_dense_output"
                ],
                "outputs": [
                    "dense_241_output"
                ],
                "scratchs": [],
                "weights": []
            },
            "weight_sparsity": [
                0.0,
                1,
                0
            ]
        },
        {
            "c_forward": [
                "forward_dense"
            ],
            "c_id": 4,
            "exec_time": {
                "counters": [],
                "cycles": 0,
                "cycles_by_macc": 0.0,
                "duration_ms": 0.008070746095705043,
                "percentage": 3.986550941609117
            },
            "is_wrapped": "",
            "layer_type": "Dense",
            "m_id": 7,
            "macc": 18624,
            "name": "dense_242_dense",
            "op_by_type": {
                "smul_f32_f32": 18624
            },
            "rom": 74496,
            "tensors": {
                "inputs": [
                    "dense_241_output"
                ],
                "outputs": [
                    "dense_242_dense_output"
                ],
                "scratchs": [],
                "weights": [
                    "dense_242_dense_weights",
                    "dense_242_dense_bias"
                ]
            },
            "weight_sparsity": [
                0.0,
                18624,
                0
            ]
        },
        {
            "c_forward": [
                "forward_relu"
            ],
            "c_id": 5,
            "exec_time": {
                "counters": [],
                "cycles": 0,
                "cycles_by_macc": 0.0,
                "duration_ms": 0.00017399618417259668,
                "percentage": 0.08594554253401566
            },
            "is_wrapped": "",
            "layer_type": "Nonlinearity",
            "m_id": 7,
            "macc": 192,
            "name": "dense_242",
            "op_by_type": {
                "op_f32_f32": 192
            },
            "rom": 0,
            "tensors": {
                "inputs": [
                    "dense_242_dense_output"
                ],
                "outputs": [
                    "dense_242_output"
                ],
                "scratchs": [],
                "weights": []
            },
            "weight_sparsity": [
                0.0,
                1,
                0
            ]
        },
        {
            "c_forward": [
                "forward_dense"
            ],
            "c_id": 6,
            "exec_time": {
                "counters": [],
                "cycles": 0,
                "cycles_by_macc": 0.0,
                "duration_ms": 0.026260039688980146,
                "percentage": 12.971165826231008
            },
            "is_wrapped": "",
            "layer_type": "Dense",
            "m_id": 10,
            "macc": 49408,
            "name": "dense_243_dense",
            "op_by_type": {
                "smul_f32_f32": 49408
            },
            "rom": 197632,
            "tensors": {
                "inputs": [
                    "dense_242_output"
                ],
                "outputs": [
                    "dense_243_dense_output"
                ],
                "scratchs": [],
                "weights": [
                    "dense_243_dense_weights",
                    "dense_243_dense_bias"
                ]
            },
            "weight_sparsity": [
                0.0,
                49408,
                0
            ]
        },
        {
            "c_forward": [
                "forward_relu"
            ],
            "c_id": 7,
            "exec_time": {
                "counters": [],
                "cycles": 0,
                "cycles_by_macc": 0.0,
                "duration_ms": 0.0002772466697593008,
                "percentage": 0.13694619546699785
            },
            "is_wrapped": "",
            "layer_type": "Nonlinearity",
            "m_id": 10,
            "macc": 256,
            "name": "dense_243",
            "op_by_type": {
                "op_f32_f32": 256
            },
            "rom": 0,
            "tensors": {
                "inputs": [
                    "dense_243_dense_output"
                ],
                "outputs": [
                    "dense_243_output"
                ],
                "scratchs": [],
                "weights": []
            },
            "weight_sparsity": [
                0.0,
                1,
                0
            ]
        },
        {
            "c_forward": [
                "forward_dense"
            ],
            "c_id": 8,
            "exec_time": {
                "counters": [],
                "cycles": 0,
                "cycles_by_macc": 0.0,
                "duration_ms": 0.04722562353936938,
                "percentage": 23.32713131554711
            },
            "is_wrapped": "",
            "layer_type": "Dense",
            "m_id": 13,
            "macc": 65792,
            "name": "dense_244_dense",
            "op_by_type": {
                "smul_f32_f32": 65792
            },
            "rom": 263168,
            "tensors": {
                "inputs": [
                    "dense_243_output"
                ],
                "outputs": [
                    "dense_244_dense_output"
                ],
                "scratchs": [],
                "weights": [
                    "dense_244_dense_weights",
                    "dense_244_dense_bias"
                ]
            },
            "weight_sparsity": [
                0.0,
                65792,
                0
            ]
        },
        {
            "c_forward": [
                "forward_relu"
            ],
            "c_id": 9,
            "exec_time": {
                "counters": [],
                "cycles": 0,
                "cycles_by_macc": 0.0,
                "duration_ms": 0.00019311664397178314,
                "percentage": 0.09539010764764377
            },
            "is_wrapped": "",
            "layer_type": "Nonlinearity",
            "m_id": 13,
            "macc": 256,
            "name": "dense_244",
            "op_by_type": {
                "op_f32_f32": 256
            },
            "rom": 0,
            "tensors": {
                "inputs": [
                    "dense_244_dense_output"
                ],
                "outputs": [
                    "dense_244_output"
                ],
                "scratchs": [],
                "weights": []
            },
            "weight_sparsity": [
                0.0,
                1,
                0
            ]
        },
        {
            "c_forward": [
                "forward_dense"
            ],
            "c_id": 10,
            "exec_time": {
                "counters": [],
                "cycles": 0,
                "cycles_by_macc": 0.0,
                "duration_ms": 0.037705546740022265,
                "percentage": 18.62468241199095
            },
            "is_wrapped": "",
            "layer_type": "Dense",
            "m_id": 16,
            "macc": 65792,
            "name": "dense_245_dense",
            "op_by_type": {
                "smul_f32_f32": 65792
            },
            "rom": 263168,
            "tensors": {
                "inputs": [
                    "dense_244_output"
                ],
                "outputs": [
                    "dense_245_dense_output"
                ],
                "scratchs": [],
                "weights": [
                    "dense_245_dense_weights",
                    "dense_245_dense_bias"
                ]
            },
            "weight_sparsity": [
                0.0,
                65792,
                0
            ]
        },
        {
            "c_forward": [
                "forward_relu"
            ],
            "c_id": 11,
            "exec_time": {
                "counters": [],
                "cycles": 0,
                "cycles_by_macc": 0.0,
                "duration_ms": 0.00017590823015251533,
                "percentage": 0.08688999904537849
            },
            "is_wrapped": "",
            "layer_type": "Nonlinearity",
            "m_id": 16,
            "macc": 256,
            "name": "dense_245",
            "op_by_type": {
                "op_f32_f32": 256
            },
            "rom": 0,
            "tensors": {
                "inputs": [
                    "dense_245_dense_output"
                ],
                "outputs": [
                    "dense_245_output"
                ],
                "scratchs": [],
                "weights": []
            },
            "weight_sparsity": [
                0.0,
                1,
                0
            ]
        },
        {
            "c_forward": [
                "forward_dense"
            ],
            "c_id": 12,
            "exec_time": {
                "counters": [],
                "cycles": 0,
                "cycles_by_macc": 0.0,
                "duration_ms": 0.03678202840996404,
                "percentage": 18.1685098568605
            },
            "is_wrapped": "",
            "layer_type": "Dense",
            "m_id": 19,
            "macc": 65792,
            "name": "dense_246_dense",
            "op_by_type": {
                "smul_f32_f32": 65792
            },
            "rom": 263168,
            "tensors": {
                "inputs": [
                    "dense_245_output"
                ],
                "outputs": [
                    "dense_246_dense_output"
                ],
                "scratchs": [],
                "weights": [
                    "dense_246_dense_weights",
                    "dense_246_dense_bias"
                ]
            },
            "weight_sparsity": [
                0.0,
                65792,
                0
            ]
        },
        {
            "c_forward": [
                "forward_relu"
            ],
            "c_id": 13,
            "exec_time": {
                "counters": [],
                "cycles": 0,
                "cycles_by_macc": 0.0,
                "duration_ms": 0.0001491395864336543,
                "percentage": 0.07366760788629916
            },
            "is_wrapped": "",
            "layer_type": "Nonlinearity",
            "m_id": 19,
            "macc": 256,
            "name": "dense_246",
            "op_by_type": {
                "op_f32_f32": 256
            },
            "rom": 0,
            "tensors": {
                "inputs": [
                    "dense_246_dense_output"
                ],
                "outputs": [
                    "dense_246_output"
                ],
                "scratchs": [],
                "weights": []
            },
            "weight_sparsity": [
                0.0,
                1,
                0
            ]
        },
        {
            "c_forward": [
                "forward_dense"
            ],
            "c_id": 14,
            "exec_time": {
                "counters": [],
                "cycles": 0,
                "cycles_by_macc": 0.0,
                "duration_ms": 0.030393883187046014,
                "percentage": 15.013080847996983
            },
            "is_wrapped": "",
            "layer_type": "Dense",
            "m_id": 22,
            "macc": 49344,
            "name": "dense_247_dense",
            "op_by_type": {
                "smul_f32_f32": 49344
            },
            "rom": 197376,
            "tensors": {
                "inputs": [
                    "dense_246_output"
                ],
                "outputs": [
                    "dense_247_dense_output"
                ],
                "scratchs": [],
                "weights": [
                    "dense_247_dense_weights",
                    "dense_247_dense_bias"
                ]
            },
            "weight_sparsity": [
                0.0,
                49344,
                0
            ]
        },
        {
            "c_forward": [
                "forward_relu"
            ],
            "c_id": 15,
            "exec_time": {
                "counters": [],
                "cycles": 0,
                "cycles_by_macc": 0.0,
                "duration_ms": 0.00017590823015251533,
                "percentage": 0.08688999904537849
            },
            "is_wrapped": "",
            "layer_type": "Nonlinearity",
            "m_id": 22,
            "macc": 192,
            "name": "dense_247",
            "op_by_type": {
                "op_f32_f32": 192
            },
            "rom": 0,
            "tensors": {
                "inputs": [
                    "dense_247_dense_output"
                ],
                "outputs": [
                    "dense_247_output"
                ],
                "scratchs": [],
                "weights": []
            },
            "weight_sparsity": [
                0.0,
                1,
                0
            ]
        },
        {
            "c_forward": [
                "forward_dense"
            ],
            "c_id": 16,
            "exec_time": {
                "counters": [],
                "cycles": 0,
                "cycles_by_macc": 0.0,
                "duration_ms": 0.008512428642052936,
                "percentage": 4.204720358681045
            },
            "is_wrapped": "",
            "layer_type": "Dense",
            "m_id": 25,
            "macc": 18528,
            "name": "dense_248_dense",
            "op_by_type": {
                "smul_f32_f32": 18528
            },
            "rom": 74112,
            "tensors": {
                "inputs": [
                    "dense_247_output"
                ],
                "outputs": [
                    "dense_248_dense_output"
                ],
                "scratchs": [],
                "weights": [
                    "dense_248_dense_weights",
                    "dense_248_dense_bias"
                ]
            },
            "weight_sparsity": [
                0.0,
                18528,
                0
            ]
        },
        {
            "c_forward": [
                "forward_relu"
            ],
            "c_id": 17,
            "exec_time": {
                "counters": [],
                "cycles": 0,
                "cycles_by_macc": 0.0,
                "duration_ms": 0.0001395793565340611,
                "percentage": 0.06894532532948511
            },
            "is_wrapped": "",
            "layer_type": "Nonlinearity",
            "m_id": 25,
            "macc": 96,
            "name": "dense_248",
            "op_by_type": {
                "op_f32_f32": 96
            },
            "rom": 0,
            "tensors": {
                "inputs": [
                    "dense_248_dense_output"
                ],
                "outputs": [
                    "dense_248_output"
                ],
                "scratchs": [],
                "weights": []
            },
            "weight_sparsity": [
                0.0,
                1,
                0
            ]
        },
        {
            "c_forward": [
                "forward_dense"
            ],
            "c_id": 18,
            "exec_time": {
                "counters": [],
                "cycles": 0,
                "cycles_by_macc": 0.0,
                "duration_ms": 0.002355640659724891,
                "percentage": 1.163570428156137
            },
            "is_wrapped": "",
            "layer_type": "Dense",
            "m_id": 28,
            "macc": 4656,
            "name": "dense_249_dense",
            "op_by_type": {
                "smul_f32_f32": 4656
            },
            "rom": 18624,
            "tensors": {
                "inputs": [
                    "dense_248_output"
                ],
                "outputs": [
                    "dense_249_dense_output"
                ],
                "scratchs": [],
                "weights": [
                    "dense_249_dense_weights",
                    "dense_249_dense_bias"
                ]
            },
            "weight_sparsity": [
                0.0,
                4656,
                0
            ]
        },
        {
            "c_forward": [
                "forward_relu"
            ],
            "c_id": 19,
            "exec_time": {
                "counters": [],
                "cycles": 0,
                "cycles_by_macc": 0.0,
                "duration_ms": 0.0001357552645742238,
                "percentage": 0.06705641230675949
            },
            "is_wrapped": "",
            "layer_type": "Nonlinearity",
            "m_id": 28,
            "macc": 48,
            "name": "dense_249",
            "op_by_type": {
                "op_f32_f32": 48
            },
            "rom": 0,
            "tensors": {
                "inputs": [
                    "dense_249_dense_output"
                ],
                "outputs": [
                    "dense_249_output"
                ],
                "scratchs": [],
                "weights": []
            },
            "weight_sparsity": [
                0.0,
                1,
                0
            ]
        },
        {
            "c_forward": [
                "forward_dense"
            ],
            "c_id": 20,
            "exec_time": {
                "counters": [],
                "cycles": 0,
                "cycles_by_macc": 0.0,
                "duration_ms": 0.0002848948510078781,
                "percentage": 0.14072402019305863
            },
            "is_wrapped": "",
            "layer_type": "Dense",
            "m_id": 31,
            "macc": 245,
            "name": "dense_250_dense",
            "op_by_type": {
                "smul_f32_f32": 245
            },
            "rom": 980,
            "tensors": {
                "inputs": [
                    "dense_249_output"
                ],
                "outputs": [
                    "dense_250_dense_output"
                ],
                "scratchs": [],
                "weights": [
                    "dense_250_dense_weights",
                    "dense_250_dense_bias"
                ]
            },
            "weight_sparsity": [
                0.0,
                245,
                0
            ]
        },
        {
            "c_forward": [
                "forward_sm"
            ],
            "c_id": 21,
            "exec_time": {
                "counters": [],
                "cycles": 0,
                "cycles_by_macc": 0.0,
                "duration_ms": 0.0007437858848528043,
                "percentage": 0.3673935822604377
            },
            "is_wrapped": "",
            "layer_type": "Nonlinearity",
            "m_id": 31,
            "macc": 75,
            "name": "dense_250",
            "op_by_type": {
                "op_f32_f32": 75
            },
            "rom": 0,
            "tensors": {
                "inputs": [
                    "dense_250_dense_output"
                ],
                "outputs": [
                    "dense_250_output"
                ],
                "scratchs": [],
                "weights": []
            },
            "weight_sparsity": [
                0.0,
                1,
                0
            ]
        }
    ],
    "c_name": "mnist",
    "c_nodes_n": 22,
    "c_weights_count": 1,
    "c_weights_header": 0,
    "compilation_options": {
        "compression": "none",
        "optimization": "balanced",
        "options": [
            "allocate-inputs",
            "allocate-outputs"
        ]
    },
    "data_alignment": 4,
    "date_time": "2025-03-23T10:34:25+0100",
    "exec_time": {
        "cycles": 0,
        "cycles_by_macc": 0.0,
        "device": "AMD64, Intel64 Family 6 Model 170 Stepping 4, GenuineIntel, Windows",
        "duration_ms": 0.20244934064350362
    },
    "inputs": [
        "input_36_output"
    ],
    "macc": 344992,
    "memory_footprint": {
        "activations": 2048,
        "io": [
            0,
            0
        ],
        "series": "generic",
        "weights": 1372884
    },
    "memory_pools": [],
    "model_fmt": "float",
    "model_name": "Machine_Failure_model",
    "model_signature": "0x6550ac8da86127024ca4565480b510ec",
    "outputs": [
        "dense_250_output"
    ],
    "st_ai_version": "2.0.0-20049",
    "tool_version": "2.0.0-20049",
    "type": "keras",
    "version": "1.2",
    "weights": {
        "weights_array": {
            "buffer_data_size": 1372884,
            "buffer_offsets": [
                {
                    "buffer_name": "dense_240_dense_weights_array",
                    "offset": 0,
                    "size": 1152
                },
                {
                    "buffer_name": "dense_240_dense_bias_array",
                    "offset": 1152,
                    "size": 192
                },
                {
                    "buffer_name": "dense_241_dense_weights_array",
                    "offset": 1344,
                    "size": 18432
                },
                {
                    "buffer_name": "dense_241_dense_bias_array",
                    "offset": 19776,
                    "size": 384
                },
                {
                    "buffer_name": "dense_242_dense_weights_array",
                    "offset": 20160,
                    "size": 73728
                },
                {
                    "buffer_name": "dense_242_dense_bias_array",
                    "offset": 93888,
                    "size": 768
                },
                {
                    "buffer_name": "dense_243_dense_weights_array",
                    "offset": 94656,
                    "size": 196608
                },
                {
                    "buffer_name": "dense_243_dense_bias_array",
                    "offset": 291264,
                    "size": 1024
                },
                {
                    "buffer_name": "dense_244_dense_weights_array",
                    "offset": 292288,
                    "size": 262144
                },
                {
                    "buffer_name": "dense_244_dense_bias_array",
                    "offset": 554432,
                    "size": 1024
                },
                {
                    "buffer_name": "dense_245_dense_weights_array",
                    "offset": 555456,
                    "size": 262144
                },
                {
                    "buffer_name": "dense_245_dense_bias_array",
                    "offset": 817600,
                    "size": 1024
                },
                {
                    "buffer_name": "dense_246_dense_weights_array",
                    "offset": 818624,
                    "size": 262144
                },
                {
                    "buffer_name": "dense_246_dense_bias_array",
                    "offset": 1080768,
                    "size": 1024
                },
                {
                    "buffer_name": "dense_247_dense_weights_array",
                    "offset": 1081792,
                    "size": 196608
                },
                {
                    "buffer_name": "dense_247_dense_bias_array",
                    "offset": 1278400,
                    "size": 768
                },
                {
                    "buffer_name": "dense_248_dense_weights_array",
                    "offset": 1279168,
                    "size": 73728
                },
                {
                    "buffer_name": "dense_248_dense_bias_array",
                    "offset": 1352896,
                    "size": 384
                },
                {
                    "buffer_name": "dense_249_dense_weights_array",
                    "offset": 1353280,
                    "size": 18432
                },
                {
                    "buffer_name": "dense_249_dense_bias_array",
                    "offset": 1371712,
                    "size": 192
                },
                {
                    "buffer_name": "dense_250_dense_weights_array",
                    "offset": 1371904,
                    "size": 960
                },
                {
                    "buffer_name": "dense_250_dense_bias_array",
                    "offset": 1372864,
                    "size": 20
                }
            ],
            "pool_size": -1,
            "used_size": 1372884
        }
    }
}