{
    "activations": {
        "heap_overlay_pool": {
            "activation_alignment": 4,
            "buffer_data_size": 0,
            "buffer_offsets": [
                {
                    "buffer_name": "input_72_output_array",
                    "offset": 1000,
                    "size": 24
                },
                {
                    "buffer_name": "dense_496_dense_output_array",
                    "offset": 1024,
                    "size": 192
                },
                {
                    "buffer_name": "dense_496_output_array",
                    "offset": 1024,
                    "size": 192
                },
                {
                    "buffer_name": "dense_497_dense_output_array",
                    "offset": 640,
                    "size": 384
                },
                {
                    "buffer_name": "dense_497_output_array",
                    "offset": 640,
                    "size": 384
                },
                {
                    "buffer_name": "dense_498_dense_output_array",
                    "offset": 1024,
                    "size": 768
                },
                {
                    "buffer_name": "dense_498_output_array",
                    "offset": 1024,
                    "size": 768
                },
                {
                    "buffer_name": "dense_499_dense_output_array",
                    "offset": 0,
                    "size": 1024
                },
                {
                    "buffer_name": "dense_499_output_array",
                    "offset": 0,
                    "size": 1024
                },
                {
                    "buffer_name": "dense_500_dense_output_array",
                    "offset": 1024,
                    "size": 1024
                },
                {
                    "buffer_name": "dense_500_output_array",
                    "offset": 0,
                    "size": 1024
                },
                {
                    "buffer_name": "dense_501_dense_output_array",
                    "offset": 1024,
                    "size": 768
                },
                {
                    "buffer_name": "dense_501_output_array",
                    "offset": 0,
                    "size": 768
                },
                {
                    "buffer_name": "dense_502_dense_output_array",
                    "offset": 768,
                    "size": 512
                },
                {
                    "buffer_name": "dense_502_output_array",
                    "offset": 0,
                    "size": 512
                },
                {
                    "buffer_name": "dense_503_dense_output_array",
                    "offset": 512,
                    "size": 384
                },
                {
                    "buffer_name": "dense_503_output_array",
                    "offset": 0,
                    "size": 384
                },
                {
                    "buffer_name": "dense_504_dense_output_array",
                    "offset": 384,
                    "size": 192
                },
                {
                    "buffer_name": "dense_504_output_array",
                    "offset": 0,
                    "size": 192
                },
                {
                    "buffer_name": "dense_505_dense_output_array",
                    "offset": 192,
                    "size": 20
                },
                {
                    "buffer_name": "dense_505_output_array",
                    "offset": 0,
                    "size": 20
                }
            ],
            "data_alignment": 4,
            "pool_id": 0,
            "pool_size": -1,
            "used_size": 2048
        }
    },
    "activations_alignment": 4,
    "arguments": "generate --target stm32l4 --name mnist -m C:/Users/kevin/Documents/Cours/ISMIN_2A/Electif_IA_manufacturing/Embedded_IA/Colab_IA_EMBARQUEE/Machine_Failure_model.h5 --compression none --verbosity 1 --workspace C:/Users/kevin/AppData/Local/Temp/mxAI_workspace87540186129890012022772555586657352 --output C:/Users/kevin/.stm32cubemx/mnist_output",
    "c_activations_count": 1,
    "c_arrays": [
        {
            "c_bits": 32,
            "c_id": 0,
            "c_mem_pool": "weights",
            "c_size_in_byte": 192,
            "c_type": "const float",
            "format": "float",
            "is_const": true,
            "mem_pool": "weights",
            "n_items": 48,
            "name": "dense_496_dense_bias_array",
            "offset": 1152,
            "scale": [],
            "size": 48,
            "tensors": [
                {
                    "name": "dense_496_dense_bias",
                    "shape": [
                        48
                    ]
                }
            ],
            "zeropoint": [],
            "zeros": 0
        },
        {
            "c_bits": 32,
            "c_id": 1,
            "c_mem_pool": "**default**",
            "c_size_in_byte": 192,
            "c_type": "float",
            "format": "float",
            "is_const": false,
            "mem_pool": "activations",
            "n_items": 48,
            "name": "dense_496_dense_output_array",
            "offset": 1024,
            "scale": [],
            "size": 48,
            "tensors": [
                {
                    "name": "dense_496_dense_output",
                    "shape": [
                        48
                    ]
                }
            ],
            "zeropoint": []
        },
        {
            "c_bits": 32,
            "c_id": 2,
            "c_mem_pool": "weights",
            "c_size_in_byte": 1152,
            "c_type": "const float",
            "format": "float",
            "is_const": true,
            "mem_pool": "weights",
            "n_items": 288,
            "name": "dense_496_dense_weights_array",
            "offset": 0,
            "scale": [],
            "size": 288,
            "tensors": [
                {
                    "name": "dense_496_dense_weights",
                    "shape": [
                        48,
                        6
                    ]
                }
            ],
            "zeropoint": [],
            "zeros": 0
        },
        {
            "c_bits": 32,
            "c_id": 3,
            "c_mem_pool": "**default**",
            "c_size_in_byte": 192,
            "c_type": "float",
            "format": "float",
            "is_const": false,
            "mem_pool": "activations",
            "n_items": 48,
            "name": "dense_496_output_array",
            "offset": 1024,
            "scale": [],
            "size": 48,
            "tensors": [
                {
                    "name": "dense_496_output",
                    "shape": [
                        48
                    ]
                }
            ],
            "zeropoint": []
        },
        {
            "c_bits": 32,
            "c_id": 4,
            "c_mem_pool": "weights",
            "c_size_in_byte": 384,
            "c_type": "const float",
            "format": "float",
            "is_const": true,
            "mem_pool": "weights",
            "n_items": 96,
            "name": "dense_497_dense_bias_array",
            "offset": 19776,
            "scale": [],
            "size": 96,
            "tensors": [
                {
                    "name": "dense_497_dense_bias",
                    "shape": [
                        96
                    ]
                }
            ],
            "zeropoint": [],
            "zeros": 0
        },
        {
            "c_bits": 32,
            "c_id": 5,
            "c_mem_pool": "**default**",
            "c_size_in_byte": 384,
            "c_type": "float",
            "format": "float",
            "is_const": false,
            "mem_pool": "activations",
            "n_items": 96,
            "name": "dense_497_dense_output_array",
            "offset": 640,
            "scale": [],
            "size": 96,
            "tensors": [
                {
                    "name": "dense_497_dense_output",
                    "shape": [
                        96
                    ]
                }
            ],
            "zeropoint": []
        },
        {
            "c_bits": 32,
            "c_id": 6,
            "c_mem_pool": "weights",
            "c_size_in_byte": 18432,
            "c_type": "const float",
            "format": "float",
            "is_const": true,
            "mem_pool": "weights",
            "n_items": 4608,
            "name": "dense_497_dense_weights_array",
            "offset": 1344,
            "scale": [],
            "size": 4608,
            "tensors": [
                {
                    "name": "dense_497_dense_weights",
                    "shape": [
                        96,
                        48
                    ]
                }
            ],
            "zeropoint": [],
            "zeros": 0
        },
        {
            "c_bits": 32,
            "c_id": 7,
            "c_mem_pool": "**default**",
            "c_size_in_byte": 384,
            "c_type": "float",
            "format": "float",
            "is_const": false,
            "mem_pool": "activations",
            "n_items": 96,
            "name": "dense_497_output_array",
            "offset": 640,
            "scale": [],
            "size": 96,
            "tensors": [
                {
                    "name": "dense_497_output",
                    "shape": [
                        96
                    ]
                }
            ],
            "zeropoint": []
        },
        {
            "c_bits": 32,
            "c_id": 8,
            "c_mem_pool": "weights",
            "c_size_in_byte": 768,
            "c_type": "const float",
            "format": "float",
            "is_const": true,
            "mem_pool": "weights",
            "n_items": 192,
            "name": "dense_498_dense_bias_array",
            "offset": 93888,
            "scale": [],
            "size": 192,
            "tensors": [
                {
                    "name": "dense_498_dense_bias",
                    "shape": [
                        192
                    ]
                }
            ],
            "zeropoint": [],
            "zeros": 0
        },
        {
            "c_bits": 32,
            "c_id": 9,
            "c_mem_pool": "**default**",
            "c_size_in_byte": 768,
            "c_type": "float",
            "format": "float",
            "is_const": false,
            "mem_pool": "activations",
            "n_items": 192,
            "name": "dense_498_dense_output_array",
            "offset": 1024,
            "scale": [],
            "size": 192,
            "tensors": [
                {
                    "name": "dense_498_dense_output",
                    "shape": [
                        192
                    ]
                }
            ],
            "zeropoint": []
        },
        {
            "c_bits": 32,
            "c_id": 10,
            "c_mem_pool": "weights",
            "c_size_in_byte": 73728,
            "c_type": "const float",
            "format": "float",
            "is_const": true,
            "mem_pool": "weights",
            "n_items": 18432,
            "name": "dense_498_dense_weights_array",
            "offset": 20160,
            "scale": [],
            "size": 18432,
            "tensors": [
                {
                    "name": "dense_498_dense_weights",
                    "shape": [
                        192,
                        96
                    ]
                }
            ],
            "zeropoint": [],
            "zeros": 0
        },
        {
            "c_bits": 32,
            "c_id": 11,
            "c_mem_pool": "**default**",
            "c_size_in_byte": 768,
            "c_type": "float",
            "format": "float",
            "is_const": false,
            "mem_pool": "activations",
            "n_items": 192,
            "name": "dense_498_output_array",
            "offset": 1024,
            "scale": [],
            "size": 192,
            "tensors": [
                {
                    "name": "dense_498_output",
                    "shape": [
                        192
                    ]
                }
            ],
            "zeropoint": []
        },
        {
            "c_bits": 32,
            "c_id": 12,
            "c_mem_pool": "weights",
            "c_size_in_byte": 1024,
            "c_type": "const float",
            "format": "float",
            "is_const": true,
            "mem_pool": "weights",
            "n_items": 256,
            "name": "dense_499_dense_bias_array",
            "offset": 291264,
            "scale": [],
            "size": 256,
            "tensors": [
                {
                    "name": "dense_499_dense_bias",
                    "shape": [
                        256
                    ]
                }
            ],
            "zeropoint": [],
            "zeros": 0
        },
        {
            "c_bits": 32,
            "c_id": 13,
            "c_mem_pool": "**default**",
            "c_size_in_byte": 1024,
            "c_type": "float",
            "format": "float",
            "is_const": false,
            "mem_pool": "activations",
            "n_items": 256,
            "name": "dense_499_dense_output_array",
            "offset": 0,
            "scale": [],
            "size": 256,
            "tensors": [
                {
                    "name": "dense_499_dense_output",
                    "shape": [
                        256
                    ]
                }
            ],
            "zeropoint": []
        },
        {
            "c_bits": 32,
            "c_id": 14,
            "c_mem_pool": "weights",
            "c_size_in_byte": 196608,
            "c_type": "const float",
            "format": "float",
            "is_const": true,
            "mem_pool": "weights",
            "n_items": 49152,
            "name": "dense_499_dense_weights_array",
            "offset": 94656,
            "scale": [],
            "size": 49152,
            "tensors": [
                {
                    "name": "dense_499_dense_weights",
                    "shape": [
                        256,
                        192
                    ]
                }
            ],
            "zeropoint": [],
            "zeros": 0
        },
        {
            "c_bits": 32,
            "c_id": 15,
            "c_mem_pool": "**default**",
            "c_size_in_byte": 1024,
            "c_type": "float",
            "format": "float",
            "is_const": false,
            "mem_pool": "activations",
            "n_items": 256,
            "name": "dense_499_output_array",
            "offset": 0,
            "scale": [],
            "size": 256,
            "tensors": [
                {
                    "name": "dense_499_output",
                    "shape": [
                        256
                    ]
                }
            ],
            "zeropoint": []
        },
        {
            "c_bits": 32,
            "c_id": 16,
            "c_mem_pool": "weights",
            "c_size_in_byte": 1024,
            "c_type": "const float",
            "format": "float",
            "is_const": true,
            "mem_pool": "weights",
            "n_items": 256,
            "name": "dense_500_dense_bias_array",
            "offset": 554432,
            "scale": [],
            "size": 256,
            "tensors": [
                {
                    "name": "dense_500_dense_bias",
                    "shape": [
                        256
                    ]
                }
            ],
            "zeropoint": [],
            "zeros": 0
        },
        {
            "c_bits": 32,
            "c_id": 17,
            "c_mem_pool": "**default**",
            "c_size_in_byte": 1024,
            "c_type": "float",
            "format": "float",
            "is_const": false,
            "mem_pool": "activations",
            "n_items": 256,
            "name": "dense_500_dense_output_array",
            "offset": 1024,
            "scale": [],
            "size": 256,
            "tensors": [
                {
                    "name": "dense_500_dense_output",
                    "shape": [
                        256
                    ]
                }
            ],
            "zeropoint": []
        },
        {
            "c_bits": 32,
            "c_id": 18,
            "c_mem_pool": "weights",
            "c_size_in_byte": 262144,
            "c_type": "const float",
            "format": "float",
            "is_const": true,
            "mem_pool": "weights",
            "n_items": 65536,
            "name": "dense_500_dense_weights_array",
            "offset": 292288,
            "scale": [],
            "size": 65536,
            "tensors": [
                {
                    "name": "dense_500_dense_weights",
                    "shape": [
                        256,
                        256
                    ]
                }
            ],
            "zeropoint": [],
            "zeros": 0
        },
        {
            "c_bits": 32,
            "c_id": 19,
            "c_mem_pool": "**default**",
            "c_size_in_byte": 1024,
            "c_type": "float",
            "format": "float",
            "is_const": false,
            "mem_pool": "activations",
            "n_items": 256,
            "name": "dense_500_output_array",
            "offset": 0,
            "scale": [],
            "size": 256,
            "tensors": [
                {
                    "name": "dense_500_output",
                    "shape": [
                        256
                    ]
                }
            ],
            "zeropoint": []
        },
        {
            "c_bits": 32,
            "c_id": 20,
            "c_mem_pool": "weights",
            "c_size_in_byte": 768,
            "c_type": "const float",
            "format": "float",
            "is_const": true,
            "mem_pool": "weights",
            "n_items": 192,
            "name": "dense_501_dense_bias_array",
            "offset": 752064,
            "scale": [],
            "size": 192,
            "tensors": [
                {
                    "name": "dense_501_dense_bias",
                    "shape": [
                        192
                    ]
                }
            ],
            "zeropoint": [],
            "zeros": 0
        },
        {
            "c_bits": 32,
            "c_id": 21,
            "c_mem_pool": "**default**",
            "c_size_in_byte": 768,
            "c_type": "float",
            "format": "float",
            "is_const": false,
            "mem_pool": "activations",
            "n_items": 192,
            "name": "dense_501_dense_output_array",
            "offset": 1024,
            "scale": [],
            "size": 192,
            "tensors": [
                {
                    "name": "dense_501_dense_output",
                    "shape": [
                        192
                    ]
                }
            ],
            "zeropoint": []
        },
        {
            "c_bits": 32,
            "c_id": 22,
            "c_mem_pool": "weights",
            "c_size_in_byte": 196608,
            "c_type": "const float",
            "format": "float",
            "is_const": true,
            "mem_pool": "weights",
            "n_items": 49152,
            "name": "dense_501_dense_weights_array",
            "offset": 555456,
            "scale": [],
            "size": 49152,
            "tensors": [
                {
                    "name": "dense_501_dense_weights",
                    "shape": [
                        192,
                        256
                    ]
                }
            ],
            "zeropoint": [],
            "zeros": 0
        },
        {
            "c_bits": 32,
            "c_id": 23,
            "c_mem_pool": "**default**",
            "c_size_in_byte": 768,
            "c_type": "float",
            "format": "float",
            "is_const": false,
            "mem_pool": "activations",
            "n_items": 192,
            "name": "dense_501_output_array",
            "offset": 0,
            "scale": [],
            "size": 192,
            "tensors": [
                {
                    "name": "dense_501_output",
                    "shape": [
                        192
                    ]
                }
            ],
            "zeropoint": []
        },
        {
            "c_bits": 32,
            "c_id": 24,
            "c_mem_pool": "weights",
            "c_size_in_byte": 512,
            "c_type": "const float",
            "format": "float",
            "is_const": true,
            "mem_pool": "weights",
            "n_items": 128,
            "name": "dense_502_dense_bias_array",
            "offset": 851136,
            "scale": [],
            "size": 128,
            "tensors": [
                {
                    "name": "dense_502_dense_bias",
                    "shape": [
                        128
                    ]
                }
            ],
            "zeropoint": [],
            "zeros": 0
        },
        {
            "c_bits": 32,
            "c_id": 25,
            "c_mem_pool": "**default**",
            "c_size_in_byte": 512,
            "c_type": "float",
            "format": "float",
            "is_const": false,
            "mem_pool": "activations",
            "n_items": 128,
            "name": "dense_502_dense_output_array",
            "offset": 768,
            "scale": [],
            "size": 128,
            "tensors": [
                {
                    "name": "dense_502_dense_output",
                    "shape": [
                        128
                    ]
                }
            ],
            "zeropoint": []
        },
        {
            "c_bits": 32,
            "c_id": 26,
            "c_mem_pool": "weights",
            "c_size_in_byte": 98304,
            "c_type": "const float",
            "format": "float",
            "is_const": true,
            "mem_pool": "weights",
            "n_items": 24576,
            "name": "dense_502_dense_weights_array",
            "offset": 752832,
            "scale": [],
            "size": 24576,
            "tensors": [
                {
                    "name": "dense_502_dense_weights",
                    "shape": [
                        128,
                        192
                    ]
                }
            ],
            "zeropoint": [],
            "zeros": 0
        },
        {
            "c_bits": 32,
            "c_id": 27,
            "c_mem_pool": "**default**",
            "c_size_in_byte": 512,
            "c_type": "float",
            "format": "float",
            "is_const": false,
            "mem_pool": "activations",
            "n_items": 128,
            "name": "dense_502_output_array",
            "offset": 0,
            "scale": [],
            "size": 128,
            "tensors": [
                {
                    "name": "dense_502_output",
                    "shape": [
                        128
                    ]
                }
            ],
            "zeropoint": []
        },
        {
            "c_bits": 32,
            "c_id": 28,
            "c_mem_pool": "weights",
            "c_size_in_byte": 384,
            "c_type": "const float",
            "format": "float",
            "is_const": true,
            "mem_pool": "weights",
            "n_items": 96,
            "name": "dense_503_dense_bias_array",
            "offset": 900800,
            "scale": [],
            "size": 96,
            "tensors": [
                {
                    "name": "dense_503_dense_bias",
                    "shape": [
                        96
                    ]
                }
            ],
            "zeropoint": [],
            "zeros": 0
        },
        {
            "c_bits": 32,
            "c_id": 29,
            "c_mem_pool": "**default**",
            "c_size_in_byte": 384,
            "c_type": "float",
            "format": "float",
            "is_const": false,
            "mem_pool": "activations",
            "n_items": 96,
            "name": "dense_503_dense_output_array",
            "offset": 512,
            "scale": [],
            "size": 96,
            "tensors": [
                {
                    "name": "dense_503_dense_output",
                    "shape": [
                        96
                    ]
                }
            ],
            "zeropoint": []
        },
        {
            "c_bits": 32,
            "c_id": 30,
            "c_mem_pool": "weights",
            "c_size_in_byte": 49152,
            "c_type": "const float",
            "format": "float",
            "is_const": true,
            "mem_pool": "weights",
            "n_items": 12288,
            "name": "dense_503_dense_weights_array",
            "offset": 851648,
            "scale": [],
            "size": 12288,
            "tensors": [
                {
                    "name": "dense_503_dense_weights",
                    "shape": [
                        96,
                        128
                    ]
                }
            ],
            "zeropoint": [],
            "zeros": 0
        },
        {
            "c_bits": 32,
            "c_id": 31,
            "c_mem_pool": "**default**",
            "c_size_in_byte": 384,
            "c_type": "float",
            "format": "float",
            "is_const": false,
            "mem_pool": "activations",
            "n_items": 96,
            "name": "dense_503_output_array",
            "offset": 0,
            "scale": [],
            "size": 96,
            "tensors": [
                {
                    "name": "dense_503_output",
                    "shape": [
                        96
                    ]
                }
            ],
            "zeropoint": []
        },
        {
            "c_bits": 32,
            "c_id": 32,
            "c_mem_pool": "weights",
            "c_size_in_byte": 192,
            "c_type": "const float",
            "format": "float",
            "is_const": true,
            "mem_pool": "weights",
            "n_items": 48,
            "name": "dense_504_dense_bias_array",
            "offset": 919616,
            "scale": [],
            "size": 48,
            "tensors": [
                {
                    "name": "dense_504_dense_bias",
                    "shape": [
                        48
                    ]
                }
            ],
            "zeropoint": [],
            "zeros": 0
        },
        {
            "c_bits": 32,
            "c_id": 33,
            "c_mem_pool": "**default**",
            "c_size_in_byte": 192,
            "c_type": "float",
            "format": "float",
            "is_const": false,
            "mem_pool": "activations",
            "n_items": 48,
            "name": "dense_504_dense_output_array",
            "offset": 384,
            "scale": [],
            "size": 48,
            "tensors": [
                {
                    "name": "dense_504_dense_output",
                    "shape": [
                        48
                    ]
                }
            ],
            "zeropoint": []
        },
        {
            "c_bits": 32,
            "c_id": 34,
            "c_mem_pool": "weights",
            "c_size_in_byte": 18432,
            "c_type": "const float",
            "format": "float",
            "is_const": true,
            "mem_pool": "weights",
            "n_items": 4608,
            "name": "dense_504_dense_weights_array",
            "offset": 901184,
            "scale": [],
            "size": 4608,
            "tensors": [
                {
                    "name": "dense_504_dense_weights",
                    "shape": [
                        48,
                        96
                    ]
                }
            ],
            "zeropoint": [],
            "zeros": 0
        },
        {
            "c_bits": 32,
            "c_id": 35,
            "c_mem_pool": "**default**",
            "c_size_in_byte": 192,
            "c_type": "float",
            "format": "float",
            "is_const": false,
            "mem_pool": "activations",
            "n_items": 48,
            "name": "dense_504_output_array",
            "offset": 0,
            "scale": [],
            "size": 48,
            "tensors": [
                {
                    "name": "dense_504_output",
                    "shape": [
                        48
                    ]
                }
            ],
            "zeropoint": []
        },
        {
            "c_bits": 32,
            "c_id": 36,
            "c_mem_pool": "weights",
            "c_size_in_byte": 20,
            "c_type": "const float",
            "format": "float",
            "is_const": true,
            "mem_pool": "weights",
            "n_items": 5,
            "name": "dense_505_dense_bias_array",
            "offset": 920768,
            "scale": [],
            "size": 5,
            "tensors": [
                {
                    "name": "dense_505_dense_bias",
                    "shape": [
                        5
                    ]
                }
            ],
            "zeropoint": [],
            "zeros": 0
        },
        {
            "c_bits": 32,
            "c_id": 37,
            "c_mem_pool": "**default**",
            "c_size_in_byte": 20,
            "c_type": "float",
            "format": "float",
            "is_const": false,
            "mem_pool": "activations",
            "n_items": 5,
            "name": "dense_505_dense_output_array",
            "offset": 192,
            "scale": [],
            "size": 5,
            "tensors": [
                {
                    "name": "dense_505_dense_output",
                    "shape": [
                        5
                    ]
                }
            ],
            "zeropoint": []
        },
        {
            "c_bits": 32,
            "c_id": 38,
            "c_mem_pool": "weights",
            "c_size_in_byte": 960,
            "c_type": "const float",
            "format": "float",
            "is_const": true,
            "mem_pool": "weights",
            "n_items": 240,
            "name": "dense_505_dense_weights_array",
            "offset": 919808,
            "scale": [],
            "size": 240,
            "tensors": [
                {
                    "name": "dense_505_dense_weights",
                    "shape": [
                        5,
                        48
                    ]
                }
            ],
            "zeropoint": [],
            "zeros": 0
        },
        {
            "c_bits": 32,
            "c_id": 39,
            "c_mem_pool": "**default**",
            "c_size_in_byte": 20,
            "c_type": "float",
            "format": "float",
            "io_type": "output",
            "is_const": false,
            "mem_pool": "activations",
            "n_items": 5,
            "name": "dense_505_output_array",
            "offset": 0,
            "scale": [],
            "size": 5,
            "tensors": [
                {
                    "name": "dense_505_output",
                    "shape": [
                        5
                    ]
                }
            ],
            "zeropoint": []
        },
        {
            "c_bits": 32,
            "c_id": 40,
            "c_mem_pool": "**default**",
            "c_size_in_byte": 24,
            "c_type": "float",
            "format": "float",
            "io_type": "input",
            "is_const": false,
            "mem_pool": "activations",
            "n_items": 6,
            "name": "input_72_output_array",
            "offset": 1000,
            "scale": [],
            "size": 6,
            "tensors": [
                {
                    "name": "input_72_output",
                    "shape": [
                        6
                    ]
                }
            ],
            "zeropoint": []
        }
    ],
    "c_arrays_n": 41,
    "c_layers": [
        {
            "c_forward": [
                "forward_dense"
            ],
            "c_id": 0,
            "is_wrapped": "",
            "layer_type": "Dense",
            "m_id": 1,
            "macc": 336,
            "name": "dense_496_dense",
            "op_by_type": {
                "smul_f32_f32": 336
            },
            "rom": 1344,
            "tensors": {
                "inputs": [
                    "input_72_output"
                ],
                "outputs": [
                    "dense_496_dense_output"
                ],
                "scratchs": [],
                "weights": [
                    "dense_496_dense_weights",
                    "dense_496_dense_bias"
                ]
            },
            "weight_sparsity": [
                0.0,
                336,
                0
            ]
        },
        {
            "c_forward": [
                "forward_relu"
            ],
            "c_id": 1,
            "is_wrapped": "",
            "layer_type": "Nonlinearity",
            "m_id": 1,
            "macc": 48,
            "name": "dense_496",
            "op_by_type": {
                "op_f32_f32": 48
            },
            "rom": 0,
            "tensors": {
                "inputs": [
                    "dense_496_dense_output"
                ],
                "outputs": [
                    "dense_496_output"
                ],
                "scratchs": [],
                "weights": []
            },
            "weight_sparsity": [
                0.0,
                1,
                0
            ]
        },
        {
            "c_forward": [
                "forward_dense"
            ],
            "c_id": 2,
            "is_wrapped": "",
            "layer_type": "Dense",
            "m_id": 4,
            "macc": 4704,
            "name": "dense_497_dense",
            "op_by_type": {
                "smul_f32_f32": 4704
            },
            "rom": 18816,
            "tensors": {
                "inputs": [
                    "dense_496_output"
                ],
                "outputs": [
                    "dense_497_dense_output"
                ],
                "scratchs": [],
                "weights": [
                    "dense_497_dense_weights",
                    "dense_497_dense_bias"
                ]
            },
            "weight_sparsity": [
                0.0,
                4704,
                0
            ]
        },
        {
            "c_forward": [
                "forward_relu"
            ],
            "c_id": 3,
            "is_wrapped": "",
            "layer_type": "Nonlinearity",
            "m_id": 4,
            "macc": 96,
            "name": "dense_497",
            "op_by_type": {
                "op_f32_f32": 96
            },
            "rom": 0,
            "tensors": {
                "inputs": [
                    "dense_497_dense_output"
                ],
                "outputs": [
                    "dense_497_output"
                ],
                "scratchs": [],
                "weights": []
            },
            "weight_sparsity": [
                0.0,
                1,
                0
            ]
        },
        {
            "c_forward": [
                "forward_dense"
            ],
            "c_id": 4,
            "is_wrapped": "",
            "layer_type": "Dense",
            "m_id": 7,
            "macc": 18624,
            "name": "dense_498_dense",
            "op_by_type": {
                "smul_f32_f32": 18624
            },
            "rom": 74496,
            "tensors": {
                "inputs": [
                    "dense_497_output"
                ],
                "outputs": [
                    "dense_498_dense_output"
                ],
                "scratchs": [],
                "weights": [
                    "dense_498_dense_weights",
                    "dense_498_dense_bias"
                ]
            },
            "weight_sparsity": [
                0.0,
                18624,
                0
            ]
        },
        {
            "c_forward": [
                "forward_relu"
            ],
            "c_id": 5,
            "is_wrapped": "",
            "layer_type": "Nonlinearity",
            "m_id": 7,
            "macc": 192,
            "name": "dense_498",
            "op_by_type": {
                "op_f32_f32": 192
            },
            "rom": 0,
            "tensors": {
                "inputs": [
                    "dense_498_dense_output"
                ],
                "outputs": [
                    "dense_498_output"
                ],
                "scratchs": [],
                "weights": []
            },
            "weight_sparsity": [
                0.0,
                1,
                0
            ]
        },
        {
            "c_forward": [
                "forward_dense"
            ],
            "c_id": 6,
            "is_wrapped": "",
            "layer_type": "Dense",
            "m_id": 10,
            "macc": 49408,
            "name": "dense_499_dense",
            "op_by_type": {
                "smul_f32_f32": 49408
            },
            "rom": 197632,
            "tensors": {
                "inputs": [
                    "dense_498_output"
                ],
                "outputs": [
                    "dense_499_dense_output"
                ],
                "scratchs": [],
                "weights": [
                    "dense_499_dense_weights",
                    "dense_499_dense_bias"
                ]
            },
            "weight_sparsity": [
                0.0,
                49408,
                0
            ]
        },
        {
            "c_forward": [
                "forward_relu"
            ],
            "c_id": 7,
            "is_wrapped": "",
            "layer_type": "Nonlinearity",
            "m_id": 10,
            "macc": 256,
            "name": "dense_499",
            "op_by_type": {
                "op_f32_f32": 256
            },
            "rom": 0,
            "tensors": {
                "inputs": [
                    "dense_499_dense_output"
                ],
                "outputs": [
                    "dense_499_output"
                ],
                "scratchs": [],
                "weights": []
            },
            "weight_sparsity": [
                0.0,
                1,
                0
            ]
        },
        {
            "c_forward": [
                "forward_dense"
            ],
            "c_id": 8,
            "is_wrapped": "",
            "layer_type": "Dense",
            "m_id": 13,
            "macc": 65792,
            "name": "dense_500_dense",
            "op_by_type": {
                "smul_f32_f32": 65792
            },
            "rom": 263168,
            "tensors": {
                "inputs": [
                    "dense_499_output"
                ],
                "outputs": [
                    "dense_500_dense_output"
                ],
                "scratchs": [],
                "weights": [
                    "dense_500_dense_weights",
                    "dense_500_dense_bias"
                ]
            },
            "weight_sparsity": [
                0.0,
                65792,
                0
            ]
        },
        {
            "c_forward": [
                "forward_relu"
            ],
            "c_id": 9,
            "is_wrapped": "",
            "layer_type": "Nonlinearity",
            "m_id": 13,
            "macc": 256,
            "name": "dense_500",
            "op_by_type": {
                "op_f32_f32": 256
            },
            "rom": 0,
            "tensors": {
                "inputs": [
                    "dense_500_dense_output"
                ],
                "outputs": [
                    "dense_500_output"
                ],
                "scratchs": [],
                "weights": []
            },
            "weight_sparsity": [
                0.0,
                1,
                0
            ]
        },
        {
            "c_forward": [
                "forward_dense"
            ],
            "c_id": 10,
            "is_wrapped": "",
            "layer_type": "Dense",
            "m_id": 16,
            "macc": 49344,
            "name": "dense_501_dense",
            "op_by_type": {
                "smul_f32_f32": 49344
            },
            "rom": 197376,
            "tensors": {
                "inputs": [
                    "dense_500_output"
                ],
                "outputs": [
                    "dense_501_dense_output"
                ],
                "scratchs": [],
                "weights": [
                    "dense_501_dense_weights",
                    "dense_501_dense_bias"
                ]
            },
            "weight_sparsity": [
                0.0,
                49344,
                0
            ]
        },
        {
            "c_forward": [
                "forward_relu"
            ],
            "c_id": 11,
            "is_wrapped": "",
            "layer_type": "Nonlinearity",
            "m_id": 16,
            "macc": 192,
            "name": "dense_501",
            "op_by_type": {
                "op_f32_f32": 192
            },
            "rom": 0,
            "tensors": {
                "inputs": [
                    "dense_501_dense_output"
                ],
                "outputs": [
                    "dense_501_output"
                ],
                "scratchs": [],
                "weights": []
            },
            "weight_sparsity": [
                0.0,
                1,
                0
            ]
        },
        {
            "c_forward": [
                "forward_dense"
            ],
            "c_id": 12,
            "is_wrapped": "",
            "layer_type": "Dense",
            "m_id": 19,
            "macc": 24704,
            "name": "dense_502_dense",
            "op_by_type": {
                "smul_f32_f32": 24704
            },
            "rom": 98816,
            "tensors": {
                "inputs": [
                    "dense_501_output"
                ],
                "outputs": [
                    "dense_502_dense_output"
                ],
                "scratchs": [],
                "weights": [
                    "dense_502_dense_weights",
                    "dense_502_dense_bias"
                ]
            },
            "weight_sparsity": [
                0.0,
                24704,
                0
            ]
        },
        {
            "c_forward": [
                "forward_relu"
            ],
            "c_id": 13,
            "is_wrapped": "",
            "layer_type": "Nonlinearity",
            "m_id": 19,
            "macc": 128,
            "name": "dense_502",
            "op_by_type": {
                "op_f32_f32": 128
            },
            "rom": 0,
            "tensors": {
                "inputs": [
                    "dense_502_dense_output"
                ],
                "outputs": [
                    "dense_502_output"
                ],
                "scratchs": [],
                "weights": []
            },
            "weight_sparsity": [
                0.0,
                1,
                0
            ]
        },
        {
            "c_forward": [
                "forward_dense"
            ],
            "c_id": 14,
            "is_wrapped": "",
            "layer_type": "Dense",
            "m_id": 22,
            "macc": 12384,
            "name": "dense_503_dense",
            "op_by_type": {
                "smul_f32_f32": 12384
            },
            "rom": 49536,
            "tensors": {
                "inputs": [
                    "dense_502_output"
                ],
                "outputs": [
                    "dense_503_dense_output"
                ],
                "scratchs": [],
                "weights": [
                    "dense_503_dense_weights",
                    "dense_503_dense_bias"
                ]
            },
            "weight_sparsity": [
                0.0,
                12384,
                0
            ]
        },
        {
            "c_forward": [
                "forward_relu"
            ],
            "c_id": 15,
            "is_wrapped": "",
            "layer_type": "Nonlinearity",
            "m_id": 22,
            "macc": 96,
            "name": "dense_503",
            "op_by_type": {
                "op_f32_f32": 96
            },
            "rom": 0,
            "tensors": {
                "inputs": [
                    "dense_503_dense_output"
                ],
                "outputs": [
                    "dense_503_output"
                ],
                "scratchs": [],
                "weights": []
            },
            "weight_sparsity": [
                0.0,
                1,
                0
            ]
        },
        {
            "c_forward": [
                "forward_dense"
            ],
            "c_id": 16,
            "is_wrapped": "",
            "layer_type": "Dense",
            "m_id": 25,
            "macc": 4656,
            "name": "dense_504_dense",
            "op_by_type": {
                "smul_f32_f32": 4656
            },
            "rom": 18624,
            "tensors": {
                "inputs": [
                    "dense_503_output"
                ],
                "outputs": [
                    "dense_504_dense_output"
                ],
                "scratchs": [],
                "weights": [
                    "dense_504_dense_weights",
                    "dense_504_dense_bias"
                ]
            },
            "weight_sparsity": [
                0.0,
                4656,
                0
            ]
        },
        {
            "c_forward": [
                "forward_relu"
            ],
            "c_id": 17,
            "is_wrapped": "",
            "layer_type": "Nonlinearity",
            "m_id": 25,
            "macc": 48,
            "name": "dense_504",
            "op_by_type": {
                "op_f32_f32": 48
            },
            "rom": 0,
            "tensors": {
                "inputs": [
                    "dense_504_dense_output"
                ],
                "outputs": [
                    "dense_504_output"
                ],
                "scratchs": [],
                "weights": []
            },
            "weight_sparsity": [
                0.0,
                1,
                0
            ]
        },
        {
            "c_forward": [
                "forward_dense"
            ],
            "c_id": 18,
            "is_wrapped": "",
            "layer_type": "Dense",
            "m_id": 28,
            "macc": 245,
            "name": "dense_505_dense",
            "op_by_type": {
                "smul_f32_f32": 245
            },
            "rom": 980,
            "tensors": {
                "inputs": [
                    "dense_504_output"
                ],
                "outputs": [
                    "dense_505_dense_output"
                ],
                "scratchs": [],
                "weights": [
                    "dense_505_dense_weights",
                    "dense_505_dense_bias"
                ]
            },
            "weight_sparsity": [
                0.0,
                245,
                0
            ]
        },
        {
            "c_forward": [
                "forward_sm"
            ],
            "c_id": 19,
            "is_wrapped": "",
            "layer_type": "Nonlinearity",
            "m_id": 28,
            "macc": 75,
            "name": "dense_505",
            "op_by_type": {
                "op_f32_f32": 75
            },
            "rom": 0,
            "tensors": {
                "inputs": [
                    "dense_505_dense_output"
                ],
                "outputs": [
                    "dense_505_output"
                ],
                "scratchs": [],
                "weights": []
            },
            "weight_sparsity": [
                0.0,
                1,
                0
            ]
        }
    ],
    "c_name": "mnist",
    "c_nodes_n": 20,
    "c_weights_count": 1,
    "c_weights_header": 0,
    "compilation_options": {
        "compression": "none",
        "optimization": "balanced",
        "options": [
            "allocate-inputs",
            "allocate-outputs"
        ]
    },
    "data_alignment": 4,
    "date_time": "2025-03-23T11:54:38+0100",
    "inputs": [
        "input_72_output"
    ],
    "macc": 231584,
    "memory_footprint": {
        "activations": 2048,
        "io": [
            0,
            0
        ],
        "kernel_flash": 14148,
        "kernel_ram": 5460,
        "series": "stm32l4",
        "target": "stm32l4",
        "toolchain": "arm-none-eabi-gcc (GNU Tools for STM32 12.3.rel1.20240926-1715) 12.3.1 20230626",
        "toolchain_flash": 638,
        "toolchain_ram": 0,
        "weights": 920788
    },
    "memory_pools": [],
    "model_fmt": "float",
    "model_name": "Machine_Failure_model",
    "model_signature": "0x71dfb89dde77fc02123b7167aa014477",
    "outputs": [
        "dense_505_output"
    ],
    "st_ai_version": "2.0.0-20049",
    "tool_version": "2.0.0-20049",
    "type": "keras",
    "version": "1.2",
    "weights": {
        "weights_array": {
            "buffer_data_size": 920788,
            "buffer_offsets": [
                {
                    "buffer_name": "dense_496_dense_weights_array",
                    "offset": 0,
                    "size": 1152
                },
                {
                    "buffer_name": "dense_496_dense_bias_array",
                    "offset": 1152,
                    "size": 192
                },
                {
                    "buffer_name": "dense_497_dense_weights_array",
                    "offset": 1344,
                    "size": 18432
                },
                {
                    "buffer_name": "dense_497_dense_bias_array",
                    "offset": 19776,
                    "size": 384
                },
                {
                    "buffer_name": "dense_498_dense_weights_array",
                    "offset": 20160,
                    "size": 73728
                },
                {
                    "buffer_name": "dense_498_dense_bias_array",
                    "offset": 93888,
                    "size": 768
                },
                {
                    "buffer_name": "dense_499_dense_weights_array",
                    "offset": 94656,
                    "size": 196608
                },
                {
                    "buffer_name": "dense_499_dense_bias_array",
                    "offset": 291264,
                    "size": 1024
                },
                {
                    "buffer_name": "dense_500_dense_weights_array",
                    "offset": 292288,
                    "size": 262144
                },
                {
                    "buffer_name": "dense_500_dense_bias_array",
                    "offset": 554432,
                    "size": 1024
                },
                {
                    "buffer_name": "dense_501_dense_weights_array",
                    "offset": 555456,
                    "size": 196608
                },
                {
                    "buffer_name": "dense_501_dense_bias_array",
                    "offset": 752064,
                    "size": 768
                },
                {
                    "buffer_name": "dense_502_dense_weights_array",
                    "offset": 752832,
                    "size": 98304
                },
                {
                    "buffer_name": "dense_502_dense_bias_array",
                    "offset": 851136,
                    "size": 512
                },
                {
                    "buffer_name": "dense_503_dense_weights_array",
                    "offset": 851648,
                    "size": 49152
                },
                {
                    "buffer_name": "dense_503_dense_bias_array",
                    "offset": 900800,
                    "size": 384
                },
                {
                    "buffer_name": "dense_504_dense_weights_array",
                    "offset": 901184,
                    "size": 18432
                },
                {
                    "buffer_name": "dense_504_dense_bias_array",
                    "offset": 919616,
                    "size": 192
                },
                {
                    "buffer_name": "dense_505_dense_weights_array",
                    "offset": 919808,
                    "size": 960
                },
                {
                    "buffer_name": "dense_505_dense_bias_array",
                    "offset": 920768,
                    "size": 20
                }
            ],
            "pool_size": -1,
            "used_size": 920788
        }
    }
}