{
    "_allocate_inputs": 4,
    "_allocate_outputs": 4,
    "cli_parameters": "generate --target stm32l4 --name mnist -m C:/Users/kevin/Documents/Cours/ISMIN_2A/Electif_IA_manufacturing/Embedded_IA/Colab_IA_EMBARQUEE/Machine_Failure_model.h5 --compression none --verbosity 1 --workspace C:/Users/kevin/AppData/Local/Temp/mxAI_workspace87540186129890012022772555586657352 --output C:/Users/kevin/.stm32cubemx/mnist_output",
    "cli_version": {
        "extra": "20049",
        "major": 2,
        "micro": 0,
        "minor": 0
    },
    "cli_version_str": "2.0.0-20049",
    "code_size": 0,
    "compression": [],
    "date_time": "2025-03-23T11:54:38+0100",
    "error": 0,
    "error_str": [],
    "exec_cmd": "generate",
    "exec_duration": 0.0,
    "hash": "0x71dfb89dde77fc02123b7167aa014477",
    "inputs": [
        "input_72"
    ],
    "layers": [
        {
            "c_id": [],
            "extras": {
                "n_macc": 0,
                "n_params": 0,
                "psize": 0,
                "rom_output": {
                    "c_size": 24,
                    "fmt": {
                        "format": "float"
                    },
                    "shape": [
                        6
                    ]
                },
                "rom_size": 0
            },
            "id": 0,
            "inputs": [],
            "name": "input_72",
            "original": "InputLayer",
            "type": "Input"
        },
        {
            "c_id": [
                0,
                1
            ],
            "extras": {
                "n_macc": 336,
                "n_params": 336,
                "psize": 1344,
                "rom_output": {
                    "c_size": 192,
                    "fmt": {
                        "format": "float"
                    },
                    "shape": [
                        48
                    ]
                },
                "rom_size": 1344
            },
            "id": 1,
            "inputs": [
                "input_72"
            ],
            "name": "dense_496_dense",
            "original": "Dense",
            "type": "Dense"
        },
        {
            "c_id": [],
            "extras": {
                "n_macc": 48,
                "n_params": 0,
                "psize": 0,
                "rom_output": {
                    "c_size": 192,
                    "fmt": {
                        "format": "float"
                    },
                    "shape": [
                        48
                    ]
                },
                "rom_size": 0
            },
            "id": 1,
            "inputs": [
                "dense_496_dense"
            ],
            "name": "dense_496",
            "original": "Dense",
            "type": "Nonlinearity"
        },
        {
            "c_id": [],
            "extras": {
                "n_macc": 96,
                "n_params": 96,
                "psize": 384,
                "rom_size": 0
            },
            "id": 3,
            "inputs": [
                "dense_496"
            ],
            "name": "batch_normalization_254",
            "original": "BatchNormalization",
            "type": "ScaleBias"
        },
        {
            "c_id": [
                2,
                3
            ],
            "extras": {
                "n_macc": 4704,
                "n_params": 4704,
                "psize": 18816,
                "rom_output": {
                    "c_size": 384,
                    "fmt": {
                        "format": "float"
                    },
                    "shape": [
                        96
                    ]
                },
                "rom_size": 18816
            },
            "id": 4,
            "inputs": [
                "batch_normalization_254"
            ],
            "name": "dense_497_dense",
            "original": "Dense",
            "type": "Dense"
        },
        {
            "c_id": [],
            "extras": {
                "n_macc": 96,
                "n_params": 0,
                "psize": 0,
                "rom_output": {
                    "c_size": 384,
                    "fmt": {
                        "format": "float"
                    },
                    "shape": [
                        96
                    ]
                },
                "rom_size": 0
            },
            "id": 4,
            "inputs": [
                "dense_497_dense"
            ],
            "name": "dense_497",
            "original": "Dense",
            "type": "Nonlinearity"
        },
        {
            "c_id": [],
            "extras": {
                "n_macc": 192,
                "n_params": 192,
                "psize": 768,
                "rom_size": 0
            },
            "id": 6,
            "inputs": [
                "dense_497"
            ],
            "name": "batch_normalization_255",
            "original": "BatchNormalization",
            "type": "ScaleBias"
        },
        {
            "c_id": [
                4,
                5
            ],
            "extras": {
                "n_macc": 18624,
                "n_params": 18624,
                "psize": 74496,
                "rom_output": {
                    "c_size": 768,
                    "fmt": {
                        "format": "float"
                    },
                    "shape": [
                        192
                    ]
                },
                "rom_size": 74496
            },
            "id": 7,
            "inputs": [
                "batch_normalization_255"
            ],
            "name": "dense_498_dense",
            "original": "Dense",
            "type": "Dense"
        },
        {
            "c_id": [],
            "extras": {
                "n_macc": 192,
                "n_params": 0,
                "psize": 0,
                "rom_output": {
                    "c_size": 768,
                    "fmt": {
                        "format": "float"
                    },
                    "shape": [
                        192
                    ]
                },
                "rom_size": 0
            },
            "id": 7,
            "inputs": [
                "dense_498_dense"
            ],
            "name": "dense_498",
            "original": "Dense",
            "type": "Nonlinearity"
        },
        {
            "c_id": [],
            "extras": {
                "n_macc": 384,
                "n_params": 384,
                "psize": 1536,
                "rom_size": 0
            },
            "id": 9,
            "inputs": [
                "dense_498"
            ],
            "name": "batch_normalization_256",
            "original": "BatchNormalization",
            "type": "ScaleBias"
        },
        {
            "c_id": [
                6,
                7
            ],
            "extras": {
                "n_macc": 49408,
                "n_params": 49408,
                "psize": 197632,
                "rom_output": {
                    "c_size": 1024,
                    "fmt": {
                        "format": "float"
                    },
                    "shape": [
                        256
                    ]
                },
                "rom_size": 197632
            },
            "id": 10,
            "inputs": [
                "batch_normalization_256"
            ],
            "name": "dense_499_dense",
            "original": "Dense",
            "type": "Dense"
        },
        {
            "c_id": [],
            "extras": {
                "n_macc": 256,
                "n_params": 0,
                "psize": 0,
                "rom_output": {
                    "c_size": 1024,
                    "fmt": {
                        "format": "float"
                    },
                    "shape": [
                        256
                    ]
                },
                "rom_size": 0
            },
            "id": 10,
            "inputs": [
                "dense_499_dense"
            ],
            "name": "dense_499",
            "original": "Dense",
            "type": "Nonlinearity"
        },
        {
            "c_id": [],
            "extras": {
                "n_macc": 512,
                "n_params": 512,
                "psize": 2048,
                "rom_size": 0
            },
            "id": 12,
            "inputs": [
                "dense_499"
            ],
            "name": "batch_normalization_257",
            "original": "BatchNormalization",
            "type": "ScaleBias"
        },
        {
            "c_id": [
                8,
                9
            ],
            "extras": {
                "n_macc": 65792,
                "n_params": 65792,
                "psize": 263168,
                "rom_output": {
                    "c_size": 1024,
                    "fmt": {
                        "format": "float"
                    },
                    "shape": [
                        256
                    ]
                },
                "rom_size": 263168
            },
            "id": 13,
            "inputs": [
                "batch_normalization_257"
            ],
            "name": "dense_500_dense",
            "original": "Dense",
            "type": "Dense"
        },
        {
            "c_id": [],
            "extras": {
                "n_macc": 256,
                "n_params": 0,
                "psize": 0,
                "rom_output": {
                    "c_size": 1024,
                    "fmt": {
                        "format": "float"
                    },
                    "shape": [
                        256
                    ]
                },
                "rom_size": 0
            },
            "id": 13,
            "inputs": [
                "dense_500_dense"
            ],
            "name": "dense_500",
            "original": "Dense",
            "type": "Nonlinearity"
        },
        {
            "c_id": [],
            "extras": {
                "n_macc": 512,
                "n_params": 512,
                "psize": 2048,
                "rom_size": 0
            },
            "id": 15,
            "inputs": [
                "dense_500"
            ],
            "name": "batch_normalization_258",
            "original": "BatchNormalization",
            "type": "ScaleBias"
        },
        {
            "c_id": [
                10,
                11
            ],
            "extras": {
                "n_macc": 49344,
                "n_params": 49344,
                "psize": 197376,
                "rom_output": {
                    "c_size": 768,
                    "fmt": {
                        "format": "float"
                    },
                    "shape": [
                        192
                    ]
                },
                "rom_size": 197376
            },
            "id": 16,
            "inputs": [
                "batch_normalization_258"
            ],
            "name": "dense_501_dense",
            "original": "Dense",
            "type": "Dense"
        },
        {
            "c_id": [],
            "extras": {
                "n_macc": 192,
                "n_params": 0,
                "psize": 0,
                "rom_output": {
                    "c_size": 768,
                    "fmt": {
                        "format": "float"
                    },
                    "shape": [
                        192
                    ]
                },
                "rom_size": 0
            },
            "id": 16,
            "inputs": [
                "dense_501_dense"
            ],
            "name": "dense_501",
            "original": "Dense",
            "type": "Nonlinearity"
        },
        {
            "c_id": [],
            "extras": {
                "n_macc": 384,
                "n_params": 384,
                "psize": 1536,
                "rom_size": 0
            },
            "id": 18,
            "inputs": [
                "dense_501"
            ],
            "name": "batch_normalization_259",
            "original": "BatchNormalization",
            "type": "ScaleBias"
        },
        {
            "c_id": [
                12,
                13
            ],
            "extras": {
                "n_macc": 24704,
                "n_params": 24704,
                "psize": 98816,
                "rom_output": {
                    "c_size": 512,
                    "fmt": {
                        "format": "float"
                    },
                    "shape": [
                        128
                    ]
                },
                "rom_size": 98816
            },
            "id": 19,
            "inputs": [
                "batch_normalization_259"
            ],
            "name": "dense_502_dense",
            "original": "Dense",
            "type": "Dense"
        },
        {
            "c_id": [],
            "extras": {
                "n_macc": 128,
                "n_params": 0,
                "psize": 0,
                "rom_output": {
                    "c_size": 512,
                    "fmt": {
                        "format": "float"
                    },
                    "shape": [
                        128
                    ]
                },
                "rom_size": 0
            },
            "id": 19,
            "inputs": [
                "dense_502_dense"
            ],
            "name": "dense_502",
            "original": "Dense",
            "type": "Nonlinearity"
        },
        {
            "c_id": [],
            "extras": {
                "n_macc": 256,
                "n_params": 256,
                "psize": 1024,
                "rom_size": 0
            },
            "id": 21,
            "inputs": [
                "dense_502"
            ],
            "name": "batch_normalization_260",
            "original": "BatchNormalization",
            "type": "ScaleBias"
        },
        {
            "c_id": [
                14,
                15
            ],
            "extras": {
                "n_macc": 12384,
                "n_params": 12384,
                "psize": 49536,
                "rom_output": {
                    "c_size": 384,
                    "fmt": {
                        "format": "float"
                    },
                    "shape": [
                        96
                    ]
                },
                "rom_size": 49536
            },
            "id": 22,
            "inputs": [
                "batch_normalization_260"
            ],
            "name": "dense_503_dense",
            "original": "Dense",
            "type": "Dense"
        },
        {
            "c_id": [],
            "extras": {
                "n_macc": 96,
                "n_params": 0,
                "psize": 0,
                "rom_output": {
                    "c_size": 384,
                    "fmt": {
                        "format": "float"
                    },
                    "shape": [
                        96
                    ]
                },
                "rom_size": 0
            },
            "id": 22,
            "inputs": [
                "dense_503_dense"
            ],
            "name": "dense_503",
            "original": "Dense",
            "type": "Nonlinearity"
        },
        {
            "c_id": [],
            "extras": {
                "n_macc": 192,
                "n_params": 192,
                "psize": 768,
                "rom_size": 0
            },
            "id": 24,
            "inputs": [
                "dense_503"
            ],
            "name": "batch_normalization_261",
            "original": "BatchNormalization",
            "type": "ScaleBias"
        },
        {
            "c_id": [
                16,
                17
            ],
            "extras": {
                "n_macc": 4656,
                "n_params": 4656,
                "psize": 18624,
                "rom_output": {
                    "c_size": 192,
                    "fmt": {
                        "format": "float"
                    },
                    "shape": [
                        48
                    ]
                },
                "rom_size": 18624
            },
            "id": 25,
            "inputs": [
                "batch_normalization_261"
            ],
            "name": "dense_504_dense",
            "original": "Dense",
            "type": "Dense"
        },
        {
            "c_id": [],
            "extras": {
                "n_macc": 48,
                "n_params": 0,
                "psize": 0,
                "rom_output": {
                    "c_size": 192,
                    "fmt": {
                        "format": "float"
                    },
                    "shape": [
                        48
                    ]
                },
                "rom_size": 0
            },
            "id": 25,
            "inputs": [
                "dense_504_dense"
            ],
            "name": "dense_504",
            "original": "Dense",
            "type": "Nonlinearity"
        },
        {
            "c_id": [],
            "extras": {
                "n_macc": 96,
                "n_params": 96,
                "psize": 384,
                "rom_size": 0
            },
            "id": 27,
            "inputs": [
                "dense_504"
            ],
            "name": "batch_normalization_262",
            "original": "BatchNormalization",
            "type": "ScaleBias"
        },
        {
            "c_id": [
                18,
                19
            ],
            "extras": {
                "n_macc": 245,
                "n_params": 245,
                "psize": 980,
                "rom_output": {
                    "c_size": 20,
                    "fmt": {
                        "format": "float"
                    },
                    "shape": [
                        5
                    ]
                },
                "rom_size": 980
            },
            "id": 28,
            "inputs": [
                "batch_normalization_262"
            ],
            "name": "dense_505_dense",
            "original": "Dense",
            "type": "Dense"
        },
        {
            "c_id": [],
            "extras": {
                "n_macc": 75,
                "n_params": 0,
                "psize": 0,
                "rom_output": {
                    "c_size": 20,
                    "fmt": {
                        "format": "float"
                    },
                    "shape": [
                        5
                    ]
                },
                "rom_size": 0
            },
            "id": 28,
            "inputs": [
                "dense_505_dense"
            ],
            "name": "dense_505",
            "original": "Dense",
            "type": "Nonlinearity"
        }
    ],
    "model_files": [
        "C:\\Users\\kevin\\Documents\\Cours\\ISMIN_2A\\Electif_IA_manufacturing\\Embedded_IA\\Colab_IA_EMBARQUEE\\Machine_Failure_model.h5"
    ],
    "model_n_params": 232821,
    "model_name": "Machine_Failure_model",
    "model_size": 931284,
    "model_type": "keras",
    "name": "mnist",
    "outputs": [
        "dense_505"
    ],
    "ram_io_size": [
        0,
        0
    ],
    "ram_size": 2048,
    "report_version": 1.1,
    "rom_cfact": 1.0,
    "rom_heap_inspector": 2048,
    "rom_inputs": [
        {
            "c_size": 24,
            "c_type": "float",
            "name": "input_72"
        }
    ],
    "rom_n_macc": 231584,
    "rom_outputs": [
        {
            "c_size": 20,
            "c_type": "float",
            "name": "dense_505"
        }
    ],
    "rom_size": 920788,
    "strategy": "",
    "tools_api_version": "2.0.0-20049",
    "tools_version": "2.0.0-20049",
    "val_error": -1.0,
    "val_error_desc": "None (None) #-1",
    "val_metrics": []
}