{
  "buffers": [
    {
      "alignment": 4,
      "batch": 0,
      "channel_first": true,
      "channel_last": true,
      "epochs": {
        "end": 1,
        "start": 0
      },
      "flags": "STAI_FLAG_WEIGHTS|STAI_FLAG_CONST|STAI_FLAG_PREALLOCATED",
      "format": "STAI_FORMAT_FLOAT",
      "id": 233,
      "intq": {},
      "is_param": true,
      "mpool_id": 1,
      "name": "dense_384_dense_bias_array",
      "nbits": 32,
      "offset_start": 1152,
      "qmn": {},
      "shape": [
        48
      ],
      "shape_map": [
        "CH"
      ],
      "size_bytes": 192
    },
    {
      "alignment": 4,
      "batch": 0,
      "channel_first": true,
      "channel_last": true,
      "epochs": {
        "end": 6,
        "start": 3
      },
      "flags": "STAI_FLAG_PREALLOCATED|STAI_FLAG_ACTIVATIONS",
      "format": "STAI_FORMAT_FLOAT",
      "id": 190,
      "intq": {},
      "is_param": false,
      "mpool_id": 0,
      "name": "dense_384_dense_output_array",
      "nbits": 32,
      "offset_start": 1024,
      "qmn": {},
      "shape": [
        48
      ],
      "shape_map": [
        "CH"
      ],
      "size_bytes": 192
    },
    {
      "alignment": 4,
      "batch": 0,
      "channel_first": true,
      "channel_last": true,
      "epochs": {
        "end": 1,
        "start": 0
      },
      "flags": "STAI_FLAG_WEIGHTS|STAI_FLAG_CONST|STAI_FLAG_PREALLOCATED",
      "format": "STAI_FORMAT_FLOAT",
      "id": 230,
      "intq": {},
      "is_param": true,
      "mpool_id": 1,
      "name": "dense_384_dense_weights_array",
      "nbits": 32,
      "offset_start": 0,
      "qmn": {},
      "shape": [
        48,
        6
      ],
      "shape_map": [
        "CH",
        "CH_IN"
      ],
      "size_bytes": 1152
    },
    {
      "alignment": 4,
      "batch": 0,
      "channel_first": true,
      "channel_last": true,
      "epochs": {
        "end": 8,
        "start": 5
      },
      "flags": "STAI_FLAG_PREALLOCATED|STAI_FLAG_ACTIVATIONS",
      "format": "STAI_FORMAT_FLOAT",
      "id": 192,
      "intq": {},
      "is_param": false,
      "mpool_id": 0,
      "name": "dense_384_output_array",
      "nbits": 32,
      "offset_start": 1024,
      "qmn": {},
      "shape": [
        48
      ],
      "shape_map": [
        "CH"
      ],
      "size_bytes": 192
    },
    {
      "alignment": 4,
      "batch": 0,
      "channel_first": true,
      "channel_last": true,
      "epochs": {
        "end": 1,
        "start": 0
      },
      "flags": "STAI_FLAG_WEIGHTS|STAI_FLAG_CONST|STAI_FLAG_PREALLOCATED",
      "format": "STAI_FORMAT_FLOAT",
      "id": 239,
      "intq": {},
      "is_param": true,
      "mpool_id": 1,
      "name": "dense_385_dense_bias_array",
      "nbits": 32,
      "offset_start": 19776,
      "qmn": {},
      "shape": [
        96
      ],
      "shape_map": [
        "CH"
      ],
      "size_bytes": 384
    },
    {
      "alignment": 4,
      "batch": 0,
      "channel_first": true,
      "channel_last": true,
      "epochs": {
        "end": 10,
        "start": 7
      },
      "flags": "STAI_FLAG_PREALLOCATED|STAI_FLAG_ACTIVATIONS",
      "format": "STAI_FORMAT_FLOAT",
      "id": 194,
      "intq": {},
      "is_param": false,
      "mpool_id": 0,
      "name": "dense_385_dense_output_array",
      "nbits": 32,
      "offset_start": 640,
      "qmn": {},
      "shape": [
        96
      ],
      "shape_map": [
        "CH"
      ],
      "size_bytes": 384
    },
    {
      "alignment": 4,
      "batch": 0,
      "channel_first": true,
      "channel_last": true,
      "epochs": {
        "end": 1,
        "start": 0
      },
      "flags": "STAI_FLAG_WEIGHTS|STAI_FLAG_CONST|STAI_FLAG_PREALLOCATED",
      "format": "STAI_FORMAT_FLOAT",
      "id": 236,
      "intq": {},
      "is_param": true,
      "mpool_id": 1,
      "name": "dense_385_dense_weights_array",
      "nbits": 32,
      "offset_start": 1344,
      "qmn": {},
      "shape": [
        96,
        48
      ],
      "shape_map": [
        "CH",
        "CH_IN"
      ],
      "size_bytes": 18432
    },
    {
      "alignment": 4,
      "batch": 0,
      "channel_first": true,
      "channel_last": true,
      "epochs": {
        "end": 12,
        "start": 9
      },
      "flags": "STAI_FLAG_PREALLOCATED|STAI_FLAG_ACTIVATIONS",
      "format": "STAI_FORMAT_FLOAT",
      "id": 196,
      "intq": {},
      "is_param": false,
      "mpool_id": 0,
      "name": "dense_385_output_array",
      "nbits": 32,
      "offset_start": 640,
      "qmn": {},
      "shape": [
        96
      ],
      "shape_map": [
        "CH"
      ],
      "size_bytes": 384
    },
    {
      "alignment": 4,
      "batch": 0,
      "channel_first": true,
      "channel_last": true,
      "epochs": {
        "end": 1,
        "start": 0
      },
      "flags": "STAI_FLAG_WEIGHTS|STAI_FLAG_CONST|STAI_FLAG_PREALLOCATED",
      "format": "STAI_FORMAT_FLOAT",
      "id": 245,
      "intq": {},
      "is_param": true,
      "mpool_id": 1,
      "name": "dense_386_dense_bias_array",
      "nbits": 32,
      "offset_start": 93888,
      "qmn": {},
      "shape": [
        192
      ],
      "shape_map": [
        "CH"
      ],
      "size_bytes": 768
    },
    {
      "alignment": 4,
      "batch": 0,
      "channel_first": true,
      "channel_last": true,
      "epochs": {
        "end": 14,
        "start": 11
      },
      "flags": "STAI_FLAG_PREALLOCATED|STAI_FLAG_ACTIVATIONS",
      "format": "STAI_FORMAT_FLOAT",
      "id": 198,
      "intq": {},
      "is_param": false,
      "mpool_id": 0,
      "name": "dense_386_dense_output_array",
      "nbits": 32,
      "offset_start": 1024,
      "qmn": {},
      "shape": [
        192
      ],
      "shape_map": [
        "CH"
      ],
      "size_bytes": 768
    },
    {
      "alignment": 4,
      "batch": 0,
      "channel_first": true,
      "channel_last": true,
      "epochs": {
        "end": 1,
        "start": 0
      },
      "flags": "STAI_FLAG_WEIGHTS|STAI_FLAG_CONST|STAI_FLAG_PREALLOCATED",
      "format": "STAI_FORMAT_FLOAT",
      "id": 242,
      "intq": {},
      "is_param": true,
      "mpool_id": 1,
      "name": "dense_386_dense_weights_array",
      "nbits": 32,
      "offset_start": 20160,
      "qmn": {},
      "shape": [
        192,
        96
      ],
      "shape_map": [
        "CH",
        "CH_IN"
      ],
      "size_bytes": 73728
    },
    {
      "alignment": 4,
      "batch": 0,
      "channel_first": true,
      "channel_last": true,
      "epochs": {
        "end": 16,
        "start": 13
      },
      "flags": "STAI_FLAG_PREALLOCATED|STAI_FLAG_ACTIVATIONS",
      "format": "STAI_FORMAT_FLOAT",
      "id": 200,
      "intq": {},
      "is_param": false,
      "mpool_id": 0,
      "name": "dense_386_output_array",
      "nbits": 32,
      "offset_start": 1024,
      "qmn": {},
      "shape": [
        192
      ],
      "shape_map": [
        "CH"
      ],
      "size_bytes": 768
    },
    {
      "alignment": 4,
      "batch": 0,
      "channel_first": true,
      "channel_last": true,
      "epochs": {
        "end": 1,
        "start": 0
      },
      "flags": "STAI_FLAG_WEIGHTS|STAI_FLAG_CONST|STAI_FLAG_PREALLOCATED",
      "format": "STAI_FORMAT_FLOAT",
      "id": 251,
      "intq": {},
      "is_param": true,
      "mpool_id": 1,
      "name": "dense_387_dense_bias_array",
      "nbits": 32,
      "offset_start": 291264,
      "qmn": {},
      "shape": [
        256
      ],
      "shape_map": [
        "CH"
      ],
      "size_bytes": 1024
    },
    {
      "alignment": 4,
      "batch": 0,
      "channel_first": true,
      "channel_last": true,
      "epochs": {
        "end": 18,
        "start": 15
      },
      "flags": "STAI_FLAG_PREALLOCATED|STAI_FLAG_ACTIVATIONS",
      "format": "STAI_FORMAT_FLOAT",
      "id": 202,
      "intq": {},
      "is_param": false,
      "mpool_id": 0,
      "name": "dense_387_dense_output_array",
      "nbits": 32,
      "offset_start": 0,
      "qmn": {},
      "shape": [
        256
      ],
      "shape_map": [
        "CH"
      ],
      "size_bytes": 1024
    },
    {
      "alignment": 4,
      "batch": 0,
      "channel_first": true,
      "channel_last": true,
      "epochs": {
        "end": 1,
        "start": 0
      },
      "flags": "STAI_FLAG_WEIGHTS|STAI_FLAG_CONST|STAI_FLAG_PREALLOCATED",
      "format": "STAI_FORMAT_FLOAT",
      "id": 248,
      "intq": {},
      "is_param": true,
      "mpool_id": 1,
      "name": "dense_387_dense_weights_array",
      "nbits": 32,
      "offset_start": 94656,
      "qmn": {},
      "shape": [
        256,
        192
      ],
      "shape_map": [
        "CH",
        "CH_IN"
      ],
      "size_bytes": 196608
    },
    {
      "alignment": 4,
      "batch": 0,
      "channel_first": true,
      "channel_last": true,
      "epochs": {
        "end": 20,
        "start": 17
      },
      "flags": "STAI_FLAG_PREALLOCATED|STAI_FLAG_ACTIVATIONS",
      "format": "STAI_FORMAT_FLOAT",
      "id": 204,
      "intq": {},
      "is_param": false,
      "mpool_id": 0,
      "name": "dense_387_output_array",
      "nbits": 32,
      "offset_start": 0,
      "qmn": {},
      "shape": [
        256
      ],
      "shape_map": [
        "CH"
      ],
      "size_bytes": 1024
    },
    {
      "alignment": 4,
      "batch": 0,
      "channel_first": true,
      "channel_last": true,
      "epochs": {
        "end": 1,
        "start": 0
      },
      "flags": "STAI_FLAG_WEIGHTS|STAI_FLAG_CONST|STAI_FLAG_PREALLOCATED",
      "format": "STAI_FORMAT_FLOAT",
      "id": 257,
      "intq": {},
      "is_param": true,
      "mpool_id": 1,
      "name": "dense_388_dense_bias_array",
      "nbits": 32,
      "offset_start": 554432,
      "qmn": {},
      "shape": [
        256
      ],
      "shape_map": [
        "CH"
      ],
      "size_bytes": 1024
    },
    {
      "alignment": 4,
      "batch": 0,
      "channel_first": true,
      "channel_last": true,
      "epochs": {
        "end": 22,
        "start": 19
      },
      "flags": "STAI_FLAG_PREALLOCATED|STAI_FLAG_ACTIVATIONS",
      "format": "STAI_FORMAT_FLOAT",
      "id": 206,
      "intq": {},
      "is_param": false,
      "mpool_id": 0,
      "name": "dense_388_dense_output_array",
      "nbits": 32,
      "offset_start": 1024,
      "qmn": {},
      "shape": [
        256
      ],
      "shape_map": [
        "CH"
      ],
      "size_bytes": 1024
    },
    {
      "alignment": 4,
      "batch": 0,
      "channel_first": true,
      "channel_last": true,
      "epochs": {
        "end": 1,
        "start": 0
      },
      "flags": "STAI_FLAG_WEIGHTS|STAI_FLAG_CONST|STAI_FLAG_PREALLOCATED",
      "format": "STAI_FORMAT_FLOAT",
      "id": 254,
      "intq": {},
      "is_param": true,
      "mpool_id": 1,
      "name": "dense_388_dense_weights_array",
      "nbits": 32,
      "offset_start": 292288,
      "qmn": {},
      "shape": [
        256,
        256
      ],
      "shape_map": [
        "CH",
        "CH_IN"
      ],
      "size_bytes": 262144
    },
    {
      "alignment": 4,
      "batch": 0,
      "channel_first": true,
      "channel_last": true,
      "epochs": {
        "end": 24,
        "start": 21
      },
      "flags": "STAI_FLAG_PREALLOCATED|STAI_FLAG_ACTIVATIONS",
      "format": "STAI_FORMAT_FLOAT",
      "id": 208,
      "intq": {},
      "is_param": false,
      "mpool_id": 0,
      "name": "dense_388_output_array",
      "nbits": 32,
      "offset_start": 0,
      "qmn": {},
      "shape": [
        256
      ],
      "shape_map": [
        "CH"
      ],
      "size_bytes": 1024
    },
    {
      "alignment": 4,
      "batch": 0,
      "channel_first": true,
      "channel_last": true,
      "epochs": {
        "end": 1,
        "start": 0
      },
      "flags": "STAI_FLAG_WEIGHTS|STAI_FLAG_CONST|STAI_FLAG_PREALLOCATED",
      "format": "STAI_FORMAT_FLOAT",
      "id": 263,
      "intq": {},
      "is_param": true,
      "mpool_id": 1,
      "name": "dense_389_dense_bias_array",
      "nbits": 32,
      "offset_start": 752064,
      "qmn": {},
      "shape": [
        192
      ],
      "shape_map": [
        "CH"
      ],
      "size_bytes": 768
    },
    {
      "alignment": 4,
      "batch": 0,
      "channel_first": true,
      "channel_last": true,
      "epochs": {
        "end": 26,
        "start": 23
      },
      "flags": "STAI_FLAG_PREALLOCATED|STAI_FLAG_ACTIVATIONS",
      "format": "STAI_FORMAT_FLOAT",
      "id": 210,
      "intq": {},
      "is_param": false,
      "mpool_id": 0,
      "name": "dense_389_dense_output_array",
      "nbits": 32,
      "offset_start": 1024,
      "qmn": {},
      "shape": [
        192
      ],
      "shape_map": [
        "CH"
      ],
      "size_bytes": 768
    },
    {
      "alignment": 4,
      "batch": 0,
      "channel_first": true,
      "channel_last": true,
      "epochs": {
        "end": 1,
        "start": 0
      },
      "flags": "STAI_FLAG_WEIGHTS|STAI_FLAG_CONST|STAI_FLAG_PREALLOCATED",
      "format": "STAI_FORMAT_FLOAT",
      "id": 260,
      "intq": {},
      "is_param": true,
      "mpool_id": 1,
      "name": "dense_389_dense_weights_array",
      "nbits": 32,
      "offset_start": 555456,
      "qmn": {},
      "shape": [
        192,
        256
      ],
      "shape_map": [
        "CH",
        "CH_IN"
      ],
      "size_bytes": 196608
    },
    {
      "alignment": 4,
      "batch": 0,
      "channel_first": true,
      "channel_last": true,
      "epochs": {
        "end": 28,
        "start": 25
      },
      "flags": "STAI_FLAG_PREALLOCATED|STAI_FLAG_ACTIVATIONS",
      "format": "STAI_FORMAT_FLOAT",
      "id": 212,
      "intq": {},
      "is_param": false,
      "mpool_id": 0,
      "name": "dense_389_output_array",
      "nbits": 32,
      "offset_start": 0,
      "qmn": {},
      "shape": [
        192
      ],
      "shape_map": [
        "CH"
      ],
      "size_bytes": 768
    },
    {
      "alignment": 4,
      "batch": 0,
      "channel_first": true,
      "channel_last": true,
      "epochs": {
        "end": 1,
        "start": 0
      },
      "flags": "STAI_FLAG_WEIGHTS|STAI_FLAG_CONST|STAI_FLAG_PREALLOCATED",
      "format": "STAI_FORMAT_FLOAT",
      "id": 269,
      "intq": {},
      "is_param": true,
      "mpool_id": 1,
      "name": "dense_390_dense_bias_array",
      "nbits": 32,
      "offset_start": 851136,
      "qmn": {},
      "shape": [
        128
      ],
      "shape_map": [
        "CH"
      ],
      "size_bytes": 512
    },
    {
      "alignment": 4,
      "batch": 0,
      "channel_first": true,
      "channel_last": true,
      "epochs": {
        "end": 30,
        "start": 27
      },
      "flags": "STAI_FLAG_PREALLOCATED|STAI_FLAG_ACTIVATIONS",
      "format": "STAI_FORMAT_FLOAT",
      "id": 214,
      "intq": {},
      "is_param": false,
      "mpool_id": 0,
      "name": "dense_390_dense_output_array",
      "nbits": 32,
      "offset_start": 768,
      "qmn": {},
      "shape": [
        128
      ],
      "shape_map": [
        "CH"
      ],
      "size_bytes": 512
    },
    {
      "alignment": 4,
      "batch": 0,
      "channel_first": true,
      "channel_last": true,
      "epochs": {
        "end": 1,
        "start": 0
      },
      "flags": "STAI_FLAG_WEIGHTS|STAI_FLAG_CONST|STAI_FLAG_PREALLOCATED",
      "format": "STAI_FORMAT_FLOAT",
      "id": 266,
      "intq": {},
      "is_param": true,
      "mpool_id": 1,
      "name": "dense_390_dense_weights_array",
      "nbits": 32,
      "offset_start": 752832,
      "qmn": {},
      "shape": [
        128,
        192
      ],
      "shape_map": [
        "CH",
        "CH_IN"
      ],
      "size_bytes": 98304
    },
    {
      "alignment": 4,
      "batch": 0,
      "channel_first": true,
      "channel_last": true,
      "epochs": {
        "end": 32,
        "start": 29
      },
      "flags": "STAI_FLAG_PREALLOCATED|STAI_FLAG_ACTIVATIONS",
      "format": "STAI_FORMAT_FLOAT",
      "id": 216,
      "intq": {},
      "is_param": false,
      "mpool_id": 0,
      "name": "dense_390_output_array",
      "nbits": 32,
      "offset_start": 0,
      "qmn": {},
      "shape": [
        128
      ],
      "shape_map": [
        "CH"
      ],
      "size_bytes": 512
    },
    {
      "alignment": 4,
      "batch": 0,
      "channel_first": true,
      "channel_last": true,
      "epochs": {
        "end": 1,
        "start": 0
      },
      "flags": "STAI_FLAG_WEIGHTS|STAI_FLAG_CONST|STAI_FLAG_PREALLOCATED",
      "format": "STAI_FORMAT_FLOAT",
      "id": 275,
      "intq": {},
      "is_param": true,
      "mpool_id": 1,
      "name": "dense_391_dense_bias_array",
      "nbits": 32,
      "offset_start": 900800,
      "qmn": {},
      "shape": [
        96
      ],
      "shape_map": [
        "CH"
      ],
      "size_bytes": 384
    },
    {
      "alignment": 4,
      "batch": 0,
      "channel_first": true,
      "channel_last": true,
      "epochs": {
        "end": 34,
        "start": 31
      },
      "flags": "STAI_FLAG_PREALLOCATED|STAI_FLAG_ACTIVATIONS",
      "format": "STAI_FORMAT_FLOAT",
      "id": 218,
      "intq": {},
      "is_param": false,
      "mpool_id": 0,
      "name": "dense_391_dense_output_array",
      "nbits": 32,
      "offset_start": 512,
      "qmn": {},
      "shape": [
        96
      ],
      "shape_map": [
        "CH"
      ],
      "size_bytes": 384
    },
    {
      "alignment": 4,
      "batch": 0,
      "channel_first": true,
      "channel_last": true,
      "epochs": {
        "end": 1,
        "start": 0
      },
      "flags": "STAI_FLAG_WEIGHTS|STAI_FLAG_CONST|STAI_FLAG_PREALLOCATED",
      "format": "STAI_FORMAT_FLOAT",
      "id": 272,
      "intq": {},
      "is_param": true,
      "mpool_id": 1,
      "name": "dense_391_dense_weights_array",
      "nbits": 32,
      "offset_start": 851648,
      "qmn": {},
      "shape": [
        96,
        128
      ],
      "shape_map": [
        "CH",
        "CH_IN"
      ],
      "size_bytes": 49152
    },
    {
      "alignment": 4,
      "batch": 0,
      "channel_first": true,
      "channel_last": true,
      "epochs": {
        "end": 36,
        "start": 33
      },
      "flags": "STAI_FLAG_PREALLOCATED|STAI_FLAG_ACTIVATIONS",
      "format": "STAI_FORMAT_FLOAT",
      "id": 220,
      "intq": {},
      "is_param": false,
      "mpool_id": 0,
      "name": "dense_391_output_array",
      "nbits": 32,
      "offset_start": 0,
      "qmn": {},
      "shape": [
        96
      ],
      "shape_map": [
        "CH"
      ],
      "size_bytes": 384
    },
    {
      "alignment": 4,
      "batch": 0,
      "channel_first": true,
      "channel_last": true,
      "epochs": {
        "end": 1,
        "start": 0
      },
      "flags": "STAI_FLAG_WEIGHTS|STAI_FLAG_CONST|STAI_FLAG_PREALLOCATED",
      "format": "STAI_FORMAT_FLOAT",
      "id": 281,
      "intq": {},
      "is_param": true,
      "mpool_id": 1,
      "name": "dense_392_dense_bias_array",
      "nbits": 32,
      "offset_start": 919616,
      "qmn": {},
      "shape": [
        48
      ],
      "shape_map": [
        "CH"
      ],
      "size_bytes": 192
    },
    {
      "alignment": 4,
      "batch": 0,
      "channel_first": true,
      "channel_last": true,
      "epochs": {
        "end": 38,
        "start": 35
      },
      "flags": "STAI_FLAG_PREALLOCATED|STAI_FLAG_ACTIVATIONS",
      "format": "STAI_FORMAT_FLOAT",
      "id": 222,
      "intq": {},
      "is_param": false,
      "mpool_id": 0,
      "name": "dense_392_dense_output_array",
      "nbits": 32,
      "offset_start": 384,
      "qmn": {},
      "shape": [
        48
      ],
      "shape_map": [
        "CH"
      ],
      "size_bytes": 192
    },
    {
      "alignment": 4,
      "batch": 0,
      "channel_first": true,
      "channel_last": true,
      "epochs": {
        "end": 1,
        "start": 0
      },
      "flags": "STAI_FLAG_WEIGHTS|STAI_FLAG_CONST|STAI_FLAG_PREALLOCATED",
      "format": "STAI_FORMAT_FLOAT",
      "id": 278,
      "intq": {},
      "is_param": true,
      "mpool_id": 1,
      "name": "dense_392_dense_weights_array",
      "nbits": 32,
      "offset_start": 901184,
      "qmn": {},
      "shape": [
        48,
        96
      ],
      "shape_map": [
        "CH",
        "CH_IN"
      ],
      "size_bytes": 18432
    },
    {
      "alignment": 4,
      "batch": 0,
      "channel_first": true,
      "channel_last": true,
      "epochs": {
        "end": 40,
        "start": 37
      },
      "flags": "STAI_FLAG_PREALLOCATED|STAI_FLAG_ACTIVATIONS",
      "format": "STAI_FORMAT_FLOAT",
      "id": 224,
      "intq": {},
      "is_param": false,
      "mpool_id": 0,
      "name": "dense_392_output_array",
      "nbits": 32,
      "offset_start": 0,
      "qmn": {},
      "shape": [
        48
      ],
      "shape_map": [
        "CH"
      ],
      "size_bytes": 192
    },
    {
      "alignment": 4,
      "batch": 0,
      "channel_first": true,
      "channel_last": true,
      "epochs": {
        "end": 1,
        "start": 0
      },
      "flags": "STAI_FLAG_WEIGHTS|STAI_FLAG_CONST|STAI_FLAG_PREALLOCATED",
      "format": "STAI_FORMAT_FLOAT",
      "id": 287,
      "intq": {},
      "is_param": true,
      "mpool_id": 1,
      "name": "dense_393_dense_bias_array",
      "nbits": 32,
      "offset_start": 920768,
      "qmn": {},
      "shape": [
        5
      ],
      "shape_map": [
        "CH"
      ],
      "size_bytes": 20
    },
    {
      "alignment": 4,
      "batch": 0,
      "channel_first": true,
      "channel_last": true,
      "epochs": {
        "end": 42,
        "start": 39
      },
      "flags": "STAI_FLAG_PREALLOCATED|STAI_FLAG_ACTIVATIONS",
      "format": "STAI_FORMAT_FLOAT",
      "id": 226,
      "intq": {},
      "is_param": false,
      "mpool_id": 0,
      "name": "dense_393_dense_output_array",
      "nbits": 32,
      "offset_start": 192,
      "qmn": {},
      "shape": [
        5
      ],
      "shape_map": [
        "CH"
      ],
      "size_bytes": 20
    },
    {
      "alignment": 4,
      "batch": 0,
      "channel_first": true,
      "channel_last": true,
      "epochs": {
        "end": 1,
        "start": 0
      },
      "flags": "STAI_FLAG_WEIGHTS|STAI_FLAG_CONST|STAI_FLAG_PREALLOCATED",
      "format": "STAI_FORMAT_FLOAT",
      "id": 284,
      "intq": {},
      "is_param": true,
      "mpool_id": 1,
      "name": "dense_393_dense_weights_array",
      "nbits": 32,
      "offset_start": 919808,
      "qmn": {},
      "shape": [
        5,
        48
      ],
      "shape_map": [
        "CH",
        "CH_IN"
      ],
      "size_bytes": 960
    },
    {
      "alignment": 4,
      "batch": 0,
      "channel_first": true,
      "channel_last": true,
      "epochs": {
        "end": 43,
        "start": 41
      },
      "flags": "STAI_FLAG_OUTPUTS|STAI_FLAG_PREALLOCATED|STAI_FLAG_ACTIVATIONS",
      "format": "STAI_FORMAT_FLOAT",
      "id": 228,
      "intq": {},
      "is_param": false,
      "mpool_id": 0,
      "name": "dense_393_output_array",
      "nbits": 32,
      "offset_start": 0,
      "qmn": {},
      "shape": [
        5
      ],
      "shape_map": [
        "CH"
      ],
      "size_bytes": 20
    },
    {
      "alignment": 4,
      "batch": 0,
      "channel_first": true,
      "channel_last": true,
      "epochs": {
        "end": 4,
        "start": 2
      },
      "flags": "STAI_FLAG_INPUTS|STAI_FLAG_PREALLOCATED|STAI_FLAG_ACTIVATIONS",
      "format": "STAI_FORMAT_FLOAT",
      "id": 188,
      "intq": {},
      "is_param": false,
      "mpool_id": 0,
      "name": "input_56_output_array",
      "nbits": 32,
      "offset_start": 1000,
      "qmn": {},
      "shape": [
        6
      ],
      "shape_map": [
        "CH"
      ],
      "size_bytes": 24
    }
  ],
  "environment": {
    "generated_model": {
      "generated_time": "2025-03-23T10:58:19+0100",
      "name": "mnist"
    },
    "network_signature": "0xf14b4663ae55c1e6",
    "test_name": "",
    "tools": [
      {
        "arguments": "validate --target stm32l4 --name mnist -m C:/Users/kevin/Documents/Cours/ISMIN_2A/Electif_IA_manufacturing/Embedded_IA/Colab_IA_EMBARQUEE/Machine_Failure_model.h5 --compression none --verbosity 1 --workspace C:/Users/kevin/AppData/Local/Temp/mxAI_workspace8720208203717008246166394777244192 --output C:/Users/kevin/.stm32cubemx/mnist_output --valoutput C:/Users/kevin/Documents/Cours/ISMIN_2A/Electif_IA_manufacturing/Embedded_IA/Colab_IA_EMBARQUEE/Machine_Failure_Y_test.npy --mode target --valinput C:/Users/kevin/Documents/Cours/ISMIN_2A/Electif_IA_manufacturing/Embedded_IA/Colab_IA_EMBARQUEE/Machine_Failure_X_test.npy --desc serial:115200",
        "environment": [
          "STATS_TYPE=X-CUBE-AI"
        ],
        "input_model": {
          "model_files": [
            {
              "name": "Machine_Failure_model.h5",
              "signature": "0x2a483314648eaab99258cb3b81121fdb"
            }
          ],
          "n_params": 232821,
          "name": "Machine_Failure_model",
          "size": 931284,
          "type": "keras"
        },
        "name": "ST.EdgeAI.Core",
        "version": "2.0.0-20049"
      }
    ]
  },
  "graphs": [
    {
      "edges": [
        {
          "buffer": 190,
          "edge_kind": "EDGE_MEMORY",
          "end": {
            "node_id": 22,
            "port": 0
          },
          "id": 0,
          "name": "n21-p0_n22-p0",
          "start": {
            "node_id": 21,
            "port": 0
          }
        },
        {
          "buffer": 192,
          "edge_kind": "EDGE_MEMORY",
          "end": {
            "node_id": 23,
            "port": 0
          },
          "id": 1,
          "name": "n22-p0_n23-p0",
          "start": {
            "node_id": 22,
            "port": 0
          }
        },
        {
          "buffer": 194,
          "edge_kind": "EDGE_MEMORY",
          "end": {
            "node_id": 24,
            "port": 0
          },
          "id": 2,
          "name": "n23-p0_n24-p0",
          "start": {
            "node_id": 23,
            "port": 0
          }
        },
        {
          "buffer": 196,
          "edge_kind": "EDGE_MEMORY",
          "end": {
            "node_id": 25,
            "port": 0
          },
          "id": 3,
          "name": "n24-p0_n25-p0",
          "start": {
            "node_id": 24,
            "port": 0
          }
        },
        {
          "buffer": 198,
          "edge_kind": "EDGE_MEMORY",
          "end": {
            "node_id": 26,
            "port": 0
          },
          "id": 4,
          "name": "n25-p0_n26-p0",
          "start": {
            "node_id": 25,
            "port": 0
          }
        },
        {
          "buffer": 200,
          "edge_kind": "EDGE_MEMORY",
          "end": {
            "node_id": 27,
            "port": 0
          },
          "id": 5,
          "name": "n26-p0_n27-p0",
          "start": {
            "node_id": 26,
            "port": 0
          }
        },
        {
          "buffer": 202,
          "edge_kind": "EDGE_MEMORY",
          "end": {
            "node_id": 28,
            "port": 0
          },
          "id": 6,
          "name": "n27-p0_n28-p0",
          "start": {
            "node_id": 27,
            "port": 0
          }
        },
        {
          "buffer": 204,
          "edge_kind": "EDGE_MEMORY",
          "end": {
            "node_id": 29,
            "port": 0
          },
          "id": 7,
          "name": "n28-p0_n29-p0",
          "start": {
            "node_id": 28,
            "port": 0
          }
        },
        {
          "buffer": 206,
          "edge_kind": "EDGE_MEMORY",
          "end": {
            "node_id": 30,
            "port": 0
          },
          "id": 8,
          "name": "n29-p0_n30-p0",
          "start": {
            "node_id": 29,
            "port": 0
          }
        },
        {
          "buffer": 208,
          "edge_kind": "EDGE_MEMORY",
          "end": {
            "node_id": 31,
            "port": 0
          },
          "id": 9,
          "name": "n30-p0_n31-p0",
          "start": {
            "node_id": 30,
            "port": 0
          }
        },
        {
          "buffer": 210,
          "edge_kind": "EDGE_MEMORY",
          "end": {
            "node_id": 32,
            "port": 0
          },
          "id": 10,
          "name": "n31-p0_n32-p0",
          "start": {
            "node_id": 31,
            "port": 0
          }
        },
        {
          "buffer": 212,
          "edge_kind": "EDGE_MEMORY",
          "end": {
            "node_id": 33,
            "port": 0
          },
          "id": 11,
          "name": "n32-p0_n33-p0",
          "start": {
            "node_id": 32,
            "port": 0
          }
        },
        {
          "buffer": 214,
          "edge_kind": "EDGE_MEMORY",
          "end": {
            "node_id": 34,
            "port": 0
          },
          "id": 12,
          "name": "n33-p0_n34-p0",
          "start": {
            "node_id": 33,
            "port": 0
          }
        },
        {
          "buffer": 216,
          "edge_kind": "EDGE_MEMORY",
          "end": {
            "node_id": 35,
            "port": 0
          },
          "id": 13,
          "name": "n34-p0_n35-p0",
          "start": {
            "node_id": 34,
            "port": 0
          }
        },
        {
          "buffer": 218,
          "edge_kind": "EDGE_MEMORY",
          "end": {
            "node_id": 36,
            "port": 0
          },
          "id": 14,
          "name": "n35-p0_n36-p0",
          "start": {
            "node_id": 35,
            "port": 0
          }
        },
        {
          "buffer": 220,
          "edge_kind": "EDGE_MEMORY",
          "end": {
            "node_id": 37,
            "port": 0
          },
          "id": 15,
          "name": "n36-p0_n37-p0",
          "start": {
            "node_id": 36,
            "port": 0
          }
        },
        {
          "buffer": 222,
          "edge_kind": "EDGE_MEMORY",
          "end": {
            "node_id": 38,
            "port": 0
          },
          "id": 16,
          "name": "n37-p0_n38-p0",
          "start": {
            "node_id": 37,
            "port": 0
          }
        },
        {
          "buffer": 224,
          "edge_kind": "EDGE_MEMORY",
          "end": {
            "node_id": 39,
            "port": 0
          },
          "id": 17,
          "name": "n38-p0_n39-p0",
          "start": {
            "node_id": 38,
            "port": 0
          }
        },
        {
          "buffer": 226,
          "edge_kind": "EDGE_MEMORY",
          "end": {
            "node_id": 40,
            "port": 0
          },
          "id": 18,
          "name": "n39-p0_n40-p0",
          "start": {
            "node_id": 39,
            "port": 0
          }
        }
      ],
      "id": 0,
      "inputs": [
        188
      ],
      "name": "Machine_Failure_model",
      "nodes": [
        {
          "attributes": {
            "num_units": "48",
            "use_bias": "True"
          },
          "description": "Dense",
          "id": 21,
          "inputs": [
            188,
            230,
            233
          ],
          "macc": 336,
          "mapping": "NODE_SW",
          "name": "dense_384_dense",
          "original_nodes": [
            "1"
          ],
          "outputs": [
            190
          ],
          "scratchs": [],
          "subgraph_nodes": [],
          "sw_functions": [
            "forward_dense"
          ]
        },
        {
          "attributes": {
            "nonlinearity": "relu"
          },
          "description": "Nonlinearity",
          "id": 22,
          "inputs": [
            190
          ],
          "macc": 48,
          "mapping": "NODE_SW",
          "name": "dense_384",
          "original_nodes": [
            "1"
          ],
          "outputs": [
            192
          ],
          "scratchs": [],
          "subgraph_nodes": [],
          "sw_functions": [
            "forward_relu"
          ]
        },
        {
          "attributes": {
            "num_units": "96",
            "use_bias": "True"
          },
          "description": "Dense",
          "id": 23,
          "inputs": [
            192,
            236,
            239
          ],
          "macc": 4704,
          "mapping": "NODE_SW",
          "name": "dense_385_dense",
          "original_nodes": [
            "4"
          ],
          "outputs": [
            194
          ],
          "scratchs": [],
          "subgraph_nodes": [],
          "sw_functions": [
            "forward_dense"
          ]
        },
        {
          "attributes": {
            "nonlinearity": "relu"
          },
          "description": "Nonlinearity",
          "id": 24,
          "inputs": [
            194
          ],
          "macc": 96,
          "mapping": "NODE_SW",
          "name": "dense_385",
          "original_nodes": [
            "4"
          ],
          "outputs": [
            196
          ],
          "scratchs": [],
          "subgraph_nodes": [],
          "sw_functions": [
            "forward_relu"
          ]
        },
        {
          "attributes": {
            "num_units": "192",
            "use_bias": "True"
          },
          "description": "Dense",
          "id": 25,
          "inputs": [
            196,
            242,
            245
          ],
          "macc": 18624,
          "mapping": "NODE_SW",
          "name": "dense_386_dense",
          "original_nodes": [
            "7"
          ],
          "outputs": [
            198
          ],
          "scratchs": [],
          "subgraph_nodes": [],
          "sw_functions": [
            "forward_dense"
          ]
        },
        {
          "attributes": {
            "nonlinearity": "relu"
          },
          "description": "Nonlinearity",
          "id": 26,
          "inputs": [
            198
          ],
          "macc": 192,
          "mapping": "NODE_SW",
          "name": "dense_386",
          "original_nodes": [
            "7"
          ],
          "outputs": [
            200
          ],
          "scratchs": [],
          "subgraph_nodes": [],
          "sw_functions": [
            "forward_relu"
          ]
        },
        {
          "attributes": {
            "num_units": "256",
            "use_bias": "True"
          },
          "description": "Dense",
          "id": 27,
          "inputs": [
            200,
            248,
            251
          ],
          "macc": 49408,
          "mapping": "NODE_SW",
          "name": "dense_387_dense",
          "original_nodes": [
            "10"
          ],
          "outputs": [
            202
          ],
          "scratchs": [],
          "subgraph_nodes": [],
          "sw_functions": [
            "forward_dense"
          ]
        },
        {
          "attributes": {
            "nonlinearity": "relu"
          },
          "description": "Nonlinearity",
          "id": 28,
          "inputs": [
            202
          ],
          "macc": 256,
          "mapping": "NODE_SW",
          "name": "dense_387",
          "original_nodes": [
            "10"
          ],
          "outputs": [
            204
          ],
          "scratchs": [],
          "subgraph_nodes": [],
          "sw_functions": [
            "forward_relu"
          ]
        },
        {
          "attributes": {
            "num_units": "256",
            "use_bias": "True"
          },
          "description": "Dense",
          "id": 29,
          "inputs": [
            204,
            254,
            257
          ],
          "macc": 65792,
          "mapping": "NODE_SW",
          "name": "dense_388_dense",
          "original_nodes": [
            "13"
          ],
          "outputs": [
            206
          ],
          "scratchs": [],
          "subgraph_nodes": [],
          "sw_functions": [
            "forward_dense"
          ]
        },
        {
          "attributes": {
            "nonlinearity": "relu"
          },
          "description": "Nonlinearity",
          "id": 30,
          "inputs": [
            206
          ],
          "macc": 256,
          "mapping": "NODE_SW",
          "name": "dense_388",
          "original_nodes": [
            "13"
          ],
          "outputs": [
            208
          ],
          "scratchs": [],
          "subgraph_nodes": [],
          "sw_functions": [
            "forward_relu"
          ]
        },
        {
          "attributes": {
            "num_units": "192",
            "use_bias": "True"
          },
          "description": "Dense",
          "id": 31,
          "inputs": [
            208,
            260,
            263
          ],
          "macc": 49344,
          "mapping": "NODE_SW",
          "name": "dense_389_dense",
          "original_nodes": [
            "16"
          ],
          "outputs": [
            210
          ],
          "scratchs": [],
          "subgraph_nodes": [],
          "sw_functions": [
            "forward_dense"
          ]
        },
        {
          "attributes": {
            "nonlinearity": "relu"
          },
          "description": "Nonlinearity",
          "id": 32,
          "inputs": [
            210
          ],
          "macc": 192,
          "mapping": "NODE_SW",
          "name": "dense_389",
          "original_nodes": [
            "16"
          ],
          "outputs": [
            212
          ],
          "scratchs": [],
          "subgraph_nodes": [],
          "sw_functions": [
            "forward_relu"
          ]
        },
        {
          "attributes": {
            "num_units": "128",
            "use_bias": "True"
          },
          "description": "Dense",
          "id": 33,
          "inputs": [
            212,
            266,
            269
          ],
          "macc": 24704,
          "mapping": "NODE_SW",
          "name": "dense_390_dense",
          "original_nodes": [
            "19"
          ],
          "outputs": [
            214
          ],
          "scratchs": [],
          "subgraph_nodes": [],
          "sw_functions": [
            "forward_dense"
          ]
        },
        {
          "attributes": {
            "nonlinearity": "relu"
          },
          "description": "Nonlinearity",
          "id": 34,
          "inputs": [
            214
          ],
          "macc": 128,
          "mapping": "NODE_SW",
          "name": "dense_390",
          "original_nodes": [
            "19"
          ],
          "outputs": [
            216
          ],
          "scratchs": [],
          "subgraph_nodes": [],
          "sw_functions": [
            "forward_relu"
          ]
        },
        {
          "attributes": {
            "num_units": "96",
            "use_bias": "True"
          },
          "description": "Dense",
          "id": 35,
          "inputs": [
            216,
            272,
            275
          ],
          "macc": 12384,
          "mapping": "NODE_SW",
          "name": "dense_391_dense",
          "original_nodes": [
            "22"
          ],
          "outputs": [
            218
          ],
          "scratchs": [],
          "subgraph_nodes": [],
          "sw_functions": [
            "forward_dense"
          ]
        },
        {
          "attributes": {
            "nonlinearity": "relu"
          },
          "description": "Nonlinearity",
          "id": 36,
          "inputs": [
            218
          ],
          "macc": 96,
          "mapping": "NODE_SW",
          "name": "dense_391",
          "original_nodes": [
            "22"
          ],
          "outputs": [
            220
          ],
          "scratchs": [],
          "subgraph_nodes": [],
          "sw_functions": [
            "forward_relu"
          ]
        },
        {
          "attributes": {
            "num_units": "48",
            "use_bias": "True"
          },
          "description": "Dense",
          "id": 37,
          "inputs": [
            220,
            278,
            281
          ],
          "macc": 4656,
          "mapping": "NODE_SW",
          "name": "dense_392_dense",
          "original_nodes": [
            "25"
          ],
          "outputs": [
            222
          ],
          "scratchs": [],
          "subgraph_nodes": [],
          "sw_functions": [
            "forward_dense"
          ]
        },
        {
          "attributes": {
            "nonlinearity": "relu"
          },
          "description": "Nonlinearity",
          "id": 38,
          "inputs": [
            222
          ],
          "macc": 48,
          "mapping": "NODE_SW",
          "name": "dense_392",
          "original_nodes": [
            "25"
          ],
          "outputs": [
            224
          ],
          "scratchs": [],
          "subgraph_nodes": [],
          "sw_functions": [
            "forward_relu"
          ]
        },
        {
          "attributes": {
            "num_units": "5",
            "use_bias": "True"
          },
          "description": "Dense",
          "id": 39,
          "inputs": [
            224,
            284,
            287
          ],
          "macc": 245,
          "mapping": "NODE_SW",
          "name": "dense_393_dense",
          "original_nodes": [
            "28"
          ],
          "outputs": [
            226
          ],
          "scratchs": [],
          "subgraph_nodes": [],
          "sw_functions": [
            "forward_dense"
          ]
        },
        {
          "attributes": {
            "axis": "CH",
            "nonlinearity": "softmax",
            "orig_axis": "-1"
          },
          "description": "Nonlinearity",
          "id": 40,
          "inputs": [
            226
          ],
          "macc": 75,
          "mapping": "NODE_SW",
          "name": "dense_393",
          "original_nodes": [
            "28"
          ],
          "outputs": [
            228
          ],
          "scratchs": [],
          "subgraph_nodes": [],
          "sw_functions": [
            "forward_sm"
          ]
        }
      ],
      "original_inputs": [
        {
          "input_56": {
            "data_type": "float32",
            "shape": "(BATCH: None, CH: 6)"
          }
        }
      ],
      "original_outputs": [
        {
          "dense_393": {
            "data_type": "float32",
            "shape": "(BATCH: None, CH: 5)"
          }
        }
      ],
      "outputs": [
        228
      ]
    }
  ],
  "json_schema_version": "2.0",
  "memory_pools": [
    {
      "address": "NULL",
      "alignment": 4,
      "attributes": {
        "latency": "HIGH",
        "score": 768,
        "throughput": "LOW"
      },
      "buffers": [
        188,
        190,
        192,
        194,
        196,
        198,
        200,
        202,
        204,
        206,
        208,
        210,
        212,
        214,
        216,
        218,
        220,
        222,
        224,
        226,
        228
      ],
      "id": 0,
      "name": "heap_overlay_pool",
      "offset_start": 0,
      "persistent": false,
      "rights": "ACC_WRITE",
      "size_bytes": -1,
      "subpools": [],
      "used_size_bytes": 2048,
      "user_allocated": false,
      "virtual": false
    },
    {
      "address": "NULL",
      "alignment": 0,
      "attributes": {
        "latency": "UNDEF",
        "score": 0,
        "throughput": "UNDEF"
      },
      "buffers": [
        230,
        233,
        236,
        239,
        242,
        245,
        248,
        251,
        254,
        257,
        260,
        263,
        266,
        269,
        272,
        275,
        278,
        281,
        284,
        287
      ],
      "id": 1,
      "name": "weights_array",
      "offset_start": 0,
      "persistent": true,
      "rights": "ACC_READ",
      "size_bytes": -1,
      "subpools": [],
      "used_size_bytes": 920788,
      "user_allocated": false,
      "virtual": false
    }
  ]
}