{
    "_allocate_inputs": 4,
    "_allocate_outputs": 4,
    "cli_parameters": "validate --target stm32l4 --name mnist -m C:/Users/kevin/Documents/Cours/ISMIN_2A/Electif_IA_manufacturing/Embedded_IA/Colab_IA_EMBARQUEE/Machine_Failure_model.h5 --compression none --verbosity 1 --workspace C:/Users/kevin/AppData/Local/Temp/mxAI_workspace87058815632360017466389647538457586 --output C:/Users/kevin/.stm32cubemx/mnist_output --valoutput C:/Users/kevin/Documents/Cours/ISMIN_2A/Electif_IA_manufacturing/Embedded_IA/Colab_IA_EMBARQUEE/Machine_Failure_Y_test.npy --valinput C:/Users/kevin/Documents/Cours/ISMIN_2A/Electif_IA_manufacturing/Embedded_IA/Colab_IA_EMBARQUEE/Machine_Failure_X_test.npy",
    "cli_version": {
        "extra": "20049",
        "major": 2,
        "micro": 0,
        "minor": 0
    },
    "cli_version_str": "2.0.0-20049",
    "code_size": 0,
    "compression": [],
    "date_time": "2025-03-23T10:34:25+0100",
    "error": 0,
    "error_str": [],
    "exec_cmd": "validate",
    "exec_duration": 0.0,
    "hash": "0x6550ac8da86127024ca4565480b510ec",
    "inputs": [
        "input_36"
    ],
    "layers": [
        {
            "c_id": [],
            "extras": {
                "n_macc": 0,
                "n_params": 0,
                "psize": 0,
                "rom_output": {
                    "c_size": 24,
                    "fmt": {
                        "format": "float"
                    },
                    "shape": [
                        6
                    ]
                },
                "rom_size": 0
            },
            "id": 0,
            "inputs": [],
            "name": "input_36",
            "original": "InputLayer",
            "type": "Input"
        },
        {
            "c_id": [
                0,
                1
            ],
            "extras": {
                "n_macc": 336,
                "n_params": 336,
                "psize": 1344,
                "rom_output": {
                    "c_size": 192,
                    "fmt": {
                        "format": "float"
                    },
                    "shape": [
                        48
                    ]
                },
                "rom_size": 1344
            },
            "id": 1,
            "inputs": [
                "input_36"
            ],
            "name": "dense_240_dense",
            "original": "Dense",
            "type": "Dense"
        },
        {
            "c_id": [],
            "extras": {
                "n_macc": 48,
                "n_params": 0,
                "psize": 0,
                "rom_output": {
                    "c_size": 192,
                    "fmt": {
                        "format": "float"
                    },
                    "shape": [
                        48
                    ]
                },
                "rom_size": 0
            },
            "id": 1,
            "inputs": [
                "dense_240_dense"
            ],
            "name": "dense_240",
            "original": "Dense",
            "type": "Nonlinearity"
        },
        {
            "c_id": [],
            "extras": {
                "n_macc": 96,
                "n_params": 96,
                "psize": 384,
                "rom_size": 0
            },
            "id": 3,
            "inputs": [
                "dense_240"
            ],
            "name": "batch_normalization_88",
            "original": "BatchNormalization",
            "type": "ScaleBias"
        },
        {
            "c_id": [
                2,
                3
            ],
            "extras": {
                "n_macc": 4704,
                "n_params": 4704,
                "psize": 18816,
                "rom_output": {
                    "c_size": 384,
                    "fmt": {
                        "format": "float"
                    },
                    "shape": [
                        96
                    ]
                },
                "rom_size": 18816
            },
            "id": 4,
            "inputs": [
                "batch_normalization_88"
            ],
            "name": "dense_241_dense",
            "original": "Dense",
            "type": "Dense"
        },
        {
            "c_id": [],
            "extras": {
                "n_macc": 96,
                "n_params": 0,
                "psize": 0,
                "rom_output": {
                    "c_size": 384,
                    "fmt": {
                        "format": "float"
                    },
                    "shape": [
                        96
                    ]
                },
                "rom_size": 0
            },
            "id": 4,
            "inputs": [
                "dense_241_dense"
            ],
            "name": "dense_241",
            "original": "Dense",
            "type": "Nonlinearity"
        },
        {
            "c_id": [],
            "extras": {
                "n_macc": 192,
                "n_params": 192,
                "psize": 768,
                "rom_size": 0
            },
            "id": 6,
            "inputs": [
                "dense_241"
            ],
            "name": "batch_normalization_89",
            "original": "BatchNormalization",
            "type": "ScaleBias"
        },
        {
            "c_id": [
                4,
                5
            ],
            "extras": {
                "n_macc": 18624,
                "n_params": 18624,
                "psize": 74496,
                "rom_output": {
                    "c_size": 768,
                    "fmt": {
                        "format": "float"
                    },
                    "shape": [
                        192
                    ]
                },
                "rom_size": 74496
            },
            "id": 7,
            "inputs": [
                "batch_normalization_89"
            ],
            "name": "dense_242_dense",
            "original": "Dense",
            "type": "Dense"
        },
        {
            "c_id": [],
            "extras": {
                "n_macc": 192,
                "n_params": 0,
                "psize": 0,
                "rom_output": {
                    "c_size": 768,
                    "fmt": {
                        "format": "float"
                    },
                    "shape": [
                        192
                    ]
                },
                "rom_size": 0
            },
            "id": 7,
            "inputs": [
                "dense_242_dense"
            ],
            "name": "dense_242",
            "original": "Dense",
            "type": "Nonlinearity"
        },
        {
            "c_id": [],
            "extras": {
                "n_macc": 384,
                "n_params": 384,
                "psize": 1536,
                "rom_size": 0
            },
            "id": 9,
            "inputs": [
                "dense_242"
            ],
            "name": "batch_normalization_90",
            "original": "BatchNormalization",
            "type": "ScaleBias"
        },
        {
            "c_id": [
                6,
                7
            ],
            "extras": {
                "n_macc": 49408,
                "n_params": 49408,
                "psize": 197632,
                "rom_output": {
                    "c_size": 1024,
                    "fmt": {
                        "format": "float"
                    },
                    "shape": [
                        256
                    ]
                },
                "rom_size": 197632
            },
            "id": 10,
            "inputs": [
                "batch_normalization_90"
            ],
            "name": "dense_243_dense",
            "original": "Dense",
            "type": "Dense"
        },
        {
            "c_id": [],
            "extras": {
                "n_macc": 256,
                "n_params": 0,
                "psize": 0,
                "rom_output": {
                    "c_size": 1024,
                    "fmt": {
                        "format": "float"
                    },
                    "shape": [
                        256
                    ]
                },
                "rom_size": 0
            },
            "id": 10,
            "inputs": [
                "dense_243_dense"
            ],
            "name": "dense_243",
            "original": "Dense",
            "type": "Nonlinearity"
        },
        {
            "c_id": [],
            "extras": {
                "n_macc": 512,
                "n_params": 512,
                "psize": 2048,
                "rom_size": 0
            },
            "id": 12,
            "inputs": [
                "dense_243"
            ],
            "name": "batch_normalization_91",
            "original": "BatchNormalization",
            "type": "ScaleBias"
        },
        {
            "c_id": [
                8,
                9
            ],
            "extras": {
                "n_macc": 65792,
                "n_params": 65792,
                "psize": 263168,
                "rom_output": {
                    "c_size": 1024,
                    "fmt": {
                        "format": "float"
                    },
                    "shape": [
                        256
                    ]
                },
                "rom_size": 263168
            },
            "id": 13,
            "inputs": [
                "batch_normalization_91"
            ],
            "name": "dense_244_dense",
            "original": "Dense",
            "type": "Dense"
        },
        {
            "c_id": [],
            "extras": {
                "n_macc": 256,
                "n_params": 0,
                "psize": 0,
                "rom_output": {
                    "c_size": 1024,
                    "fmt": {
                        "format": "float"
                    },
                    "shape": [
                        256
                    ]
                },
                "rom_size": 0
            },
            "id": 13,
            "inputs": [
                "dense_244_dense"
            ],
            "name": "dense_244",
            "original": "Dense",
            "type": "Nonlinearity"
        },
        {
            "c_id": [],
            "extras": {
                "n_macc": 512,
                "n_params": 512,
                "psize": 2048,
                "rom_size": 0
            },
            "id": 15,
            "inputs": [
                "dense_244"
            ],
            "name": "batch_normalization_92",
            "original": "BatchNormalization",
            "type": "ScaleBias"
        },
        {
            "c_id": [
                10,
                11
            ],
            "extras": {
                "n_macc": 65792,
                "n_params": 65792,
                "psize": 263168,
                "rom_output": {
                    "c_size": 1024,
                    "fmt": {
                        "format": "float"
                    },
                    "shape": [
                        256
                    ]
                },
                "rom_size": 263168
            },
            "id": 16,
            "inputs": [
                "batch_normalization_92"
            ],
            "name": "dense_245_dense",
            "original": "Dense",
            "type": "Dense"
        },
        {
            "c_id": [],
            "extras": {
                "n_macc": 256,
                "n_params": 0,
                "psize": 0,
                "rom_output": {
                    "c_size": 1024,
                    "fmt": {
                        "format": "float"
                    },
                    "shape": [
                        256
                    ]
                },
                "rom_size": 0
            },
            "id": 16,
            "inputs": [
                "dense_245_dense"
            ],
            "name": "dense_245",
            "original": "Dense",
            "type": "Nonlinearity"
        },
        {
            "c_id": [],
            "extras": {
                "n_macc": 512,
                "n_params": 512,
                "psize": 2048,
                "rom_size": 0
            },
            "id": 18,
            "inputs": [
                "dense_245"
            ],
            "name": "batch_normalization_93",
            "original": "BatchNormalization",
            "type": "ScaleBias"
        },
        {
            "c_id": [
                12,
                13
            ],
            "extras": {
                "n_macc": 65792,
                "n_params": 65792,
                "psize": 263168,
                "rom_output": {
                    "c_size": 1024,
                    "fmt": {
                        "format": "float"
                    },
                    "shape": [
                        256
                    ]
                },
                "rom_size": 263168
            },
            "id": 19,
            "inputs": [
                "batch_normalization_93"
            ],
            "name": "dense_246_dense",
            "original": "Dense",
            "type": "Dense"
        },
        {
            "c_id": [],
            "extras": {
                "n_macc": 256,
                "n_params": 0,
                "psize": 0,
                "rom_output": {
                    "c_size": 1024,
                    "fmt": {
                        "format": "float"
                    },
                    "shape": [
                        256
                    ]
                },
                "rom_size": 0
            },
            "id": 19,
            "inputs": [
                "dense_246_dense"
            ],
            "name": "dense_246",
            "original": "Dense",
            "type": "Nonlinearity"
        },
        {
            "c_id": [],
            "extras": {
                "n_macc": 512,
                "n_params": 512,
                "psize": 2048,
                "rom_size": 0
            },
            "id": 21,
            "inputs": [
                "dense_246"
            ],
            "name": "batch_normalization_94",
            "original": "BatchNormalization",
            "type": "ScaleBias"
        },
        {
            "c_id": [
                14,
                15
            ],
            "extras": {
                "n_macc": 49344,
                "n_params": 49344,
                "psize": 197376,
                "rom_output": {
                    "c_size": 768,
                    "fmt": {
                        "format": "float"
                    },
                    "shape": [
                        192
                    ]
                },
                "rom_size": 197376
            },
            "id": 22,
            "inputs": [
                "batch_normalization_94"
            ],
            "name": "dense_247_dense",
            "original": "Dense",
            "type": "Dense"
        },
        {
            "c_id": [],
            "extras": {
                "n_macc": 192,
                "n_params": 0,
                "psize": 0,
                "rom_output": {
                    "c_size": 768,
                    "fmt": {
                        "format": "float"
                    },
                    "shape": [
                        192
                    ]
                },
                "rom_size": 0
            },
            "id": 22,
            "inputs": [
                "dense_247_dense"
            ],
            "name": "dense_247",
            "original": "Dense",
            "type": "Nonlinearity"
        },
        {
            "c_id": [],
            "extras": {
                "n_macc": 384,
                "n_params": 384,
                "psize": 1536,
                "rom_size": 0
            },
            "id": 24,
            "inputs": [
                "dense_247"
            ],
            "name": "batch_normalization_95",
            "original": "BatchNormalization",
            "type": "ScaleBias"
        },
        {
            "c_id": [
                16,
                17
            ],
            "extras": {
                "n_macc": 18528,
                "n_params": 18528,
                "psize": 74112,
                "rom_output": {
                    "c_size": 384,
                    "fmt": {
                        "format": "float"
                    },
                    "shape": [
                        96
                    ]
                },
                "rom_size": 74112
            },
            "id": 25,
            "inputs": [
                "batch_normalization_95"
            ],
            "name": "dense_248_dense",
            "original": "Dense",
            "type": "Dense"
        },
        {
            "c_id": [],
            "extras": {
                "n_macc": 96,
                "n_params": 0,
                "psize": 0,
                "rom_output": {
                    "c_size": 384,
                    "fmt": {
                        "format": "float"
                    },
                    "shape": [
                        96
                    ]
                },
                "rom_size": 0
            },
            "id": 25,
            "inputs": [
                "dense_248_dense"
            ],
            "name": "dense_248",
            "original": "Dense",
            "type": "Nonlinearity"
        },
        {
            "c_id": [],
            "extras": {
                "n_macc": 192,
                "n_params": 192,
                "psize": 768,
                "rom_size": 0
            },
            "id": 27,
            "inputs": [
                "dense_248"
            ],
            "name": "batch_normalization_96",
            "original": "BatchNormalization",
            "type": "ScaleBias"
        },
        {
            "c_id": [
                18,
                19
            ],
            "extras": {
                "n_macc": 4656,
                "n_params": 4656,
                "psize": 18624,
                "rom_output": {
                    "c_size": 192,
                    "fmt": {
                        "format": "float"
                    },
                    "shape": [
                        48
                    ]
                },
                "rom_size": 18624
            },
            "id": 28,
            "inputs": [
                "batch_normalization_96"
            ],
            "name": "dense_249_dense",
            "original": "Dense",
            "type": "Dense"
        },
        {
            "c_id": [],
            "extras": {
                "n_macc": 48,
                "n_params": 0,
                "psize": 0,
                "rom_output": {
                    "c_size": 192,
                    "fmt": {
                        "format": "float"
                    },
                    "shape": [
                        48
                    ]
                },
                "rom_size": 0
            },
            "id": 28,
            "inputs": [
                "dense_249_dense"
            ],
            "name": "dense_249",
            "original": "Dense",
            "type": "Nonlinearity"
        },
        {
            "c_id": [],
            "extras": {
                "n_macc": 96,
                "n_params": 96,
                "psize": 384,
                "rom_size": 0
            },
            "id": 30,
            "inputs": [
                "dense_249"
            ],
            "name": "batch_normalization_97",
            "original": "BatchNormalization",
            "type": "ScaleBias"
        },
        {
            "c_id": [
                20,
                21
            ],
            "extras": {
                "n_macc": 245,
                "n_params": 245,
                "psize": 980,
                "rom_output": {
                    "c_size": 20,
                    "fmt": {
                        "format": "float"
                    },
                    "shape": [
                        5
                    ]
                },
                "rom_size": 980
            },
            "id": 31,
            "inputs": [
                "batch_normalization_97"
            ],
            "name": "dense_250_dense",
            "original": "Dense",
            "type": "Dense"
        },
        {
            "c_id": [],
            "extras": {
                "n_macc": 75,
                "n_params": 0,
                "psize": 0,
                "rom_output": {
                    "c_size": 20,
                    "fmt": {
                        "format": "float"
                    },
                    "shape": [
                        5
                    ]
                },
                "rom_size": 0
            },
            "id": 31,
            "inputs": [
                "dense_250_dense"
            ],
            "name": "dense_250",
            "original": "Dense",
            "type": "Nonlinearity"
        }
    ],
    "model_files": [
        "C:\\Users\\kevin\\Documents\\Cours\\ISMIN_2A\\Electif_IA_manufacturing\\Embedded_IA\\Colab_IA_EMBARQUEE\\Machine_Failure_model.h5"
    ],
    "model_n_params": 346613,
    "model_name": "Machine_Failure_model",
    "model_size": 1386452,
    "model_type": "keras",
    "name": "mnist",
    "outputs": [
        "dense_250"
    ],
    "ram_io_size": [
        0,
        0
    ],
    "ram_size": 2048,
    "report_version": 1.1,
    "rom_cfact": 1.0,
    "rom_heap_inspector": 2048,
    "rom_inputs": [
        {
            "c_size": 24,
            "c_type": "float",
            "name": "input_36"
        }
    ],
    "rom_n_macc": 344992,
    "rom_outputs": [
        {
            "c_size": 20,
            "c_type": "float",
            "name": "dense_250"
        }
    ],
    "rom_size": 1372884,
    "strategy": "",
    "tools_api_version": "2.0.0-20049",
    "tools_version": "2.0.0-20049",
    "val_error": 7.387004643533146e-07,
    "val_error_desc": "x-cross (l2r) #1",
    "val_metrics": [
        {
            "acc": "89.14%",
            "cos": 0.9084665775299072,
            "desc": "HOST c-model #1",
            "l2r": 0.44992297887802124,
            "mae": 0.061974264681339264,
            "mean": -5.1089694974582045e-11,
            "nse": 0.7811320413963403,
            "rmse": 0.18716904520988464,
            "std": 0.18720470368862152,
            "ts_name": "'dense_250', 525 x f32(1x5), m_id=[31]"
        },
        {
            "acc": "89.14%",
            "cos": 0.9084665775299072,
            "desc": "original model #1",
            "l2r": 0.44992294907569885,
            "mae": 0.061974260956048965,
            "mean": -7.663454593132002e-11,
            "nse": 0.7811320879446884,
            "rmse": 0.18716901540756226,
            "std": 0.18720467388629913,
            "ts_name": "'dense_250', 525 x f32(1x5), m_id=[31]"
        },
        {
            "acc": "100.00%",
            "cos": 1.0,
            "desc": "X-cross #1",
            "l2r": 7.387004643533146e-07,
            "mae": 5.905497602043397e-08,
            "mean": 1.4428509775843423e-10,
            "nse": 0.9999999999992906,
            "rmse": 3.0730114985999535e-07,
            "std": 3.0735967015971255e-07,
            "ts_name": "'dense_250', 525 x f32(1x5), m_id=[31]"
        }
    ]
}