{
    "_allocate_inputs": 4,
    "_allocate_outputs": 4,
    "cli_parameters": "generate --target stm32l4 --name mnist -m C:/Users/kevin/Documents/Cours/ISMIN_2A/Electif_IA_manufacturing/Embedded_IA/Colab_IA_EMBARQUEE/Machine_Failure_model.tflite --compression none --verbosity 1 --workspace C:/Users/kevin/AppData/Local/Temp/mxAI_workspace87641294524480010850838556682963184 --output C:/Users/kevin/.stm32cubemx/mnist_output",
    "cli_version": {
        "extra": "20049",
        "major": 2,
        "micro": 0,
        "minor": 0
    },
    "cli_version_str": "2.0.0-20049",
    "code_size": 0,
    "compression": [],
    "date_time": "2025-03-23T12:11:29+0100",
    "error": 0,
    "error_str": [],
    "exec_cmd": "generate",
    "exec_duration": 0.0,
    "hash": "0x69ab716c4517124adb43b8b8376736d7",
    "inputs": [
        "serving_default_input_740"
    ],
    "layers": [
        {
            "c_id": [
                0,
                1
            ],
            "extras": {
                "n_macc": 0,
                "n_params": 0,
                "psize": 0,
                "rom_output": {
                    "c_size": 24,
                    "fmt": {
                        "format": "float"
                    },
                    "shape": [
                        6
                    ]
                },
                "rom_size": 1344
            },
            "id": 0,
            "inputs": [],
            "name": "serving_default_input_740",
            "original": "",
            "type": "Input"
        },
        {
            "c_id": [],
            "extras": {
                "n_macc": 0,
                "n_params": 288,
                "psize": 1152,
                "rom_size": 0
            },
            "id": 0,
            "inputs": [],
            "name": "my_mpl2_model_dense_510_MatMul",
            "original": "",
            "type": "Placeholder"
        },
        {
            "c_id": [],
            "extras": {
                "n_macc": 0,
                "n_params": 48,
                "psize": 192,
                "rom_size": 0
            },
            "id": 0,
            "inputs": [],
            "name": "my_mpl2_model_dense_510_BiasAdd_ReadVariableOp",
            "original": "",
            "type": "Placeholder"
        },
        {
            "c_id": [],
            "extras": {
                "n_macc": 336,
                "n_params": 0,
                "psize": 0,
                "rom_output": {
                    "c_size": 192,
                    "fmt": {
                        "format": "float"
                    },
                    "shape": [
                        48
                    ]
                },
                "rom_size": 0
            },
            "id": 0,
            "inputs": [
                "serving_default_input_740",
                "my_mpl2_model_dense_510_MatMul",
                "my_mpl2_model_dense_510_BiasAdd_ReadVariableOp"
            ],
            "name": "gemm_0",
            "original": "FULLY_CONNECTED",
            "type": "Gemm"
        },
        {
            "c_id": [],
            "extras": {
                "n_macc": 48,
                "n_params": 0,
                "psize": 0,
                "rom_output": {
                    "c_size": 192,
                    "fmt": {
                        "format": "float"
                    },
                    "shape": [
                        48
                    ]
                },
                "rom_size": 0
            },
            "id": 0,
            "inputs": [
                "gemm_0"
            ],
            "name": "nl_0_nl",
            "original": "FULLY_CONNECTED",
            "type": "Nonlinearity"
        },
        {
            "c_id": [
                2,
                3
            ],
            "extras": {
                "n_macc": 0,
                "n_params": 4608,
                "psize": 18432,
                "rom_size": 18816
            },
            "id": 1,
            "inputs": [],
            "name": "my_mpl2_model_batch_normalization_263_batchnorm_mul_1my_mpl2_model_batch_normalization_263_batchnorm_add_1my_mpl2_model_dense_511_MatMulmy_mpl2_model_dense_511_Relumy_mpl2_model_dense_511_BiasAdd",
            "original": "",
            "type": "Placeholder"
        },
        {
            "c_id": [],
            "extras": {
                "n_macc": 0,
                "n_params": 96,
                "psize": 384,
                "rom_size": 0
            },
            "id": 1,
            "inputs": [],
            "name": "my_mpl2_model_dense_511_MatMulmy_mpl2_model_dense_511_Relumy_mpl2_model_dense_511_BiasAdd",
            "original": "",
            "type": "Placeholder"
        },
        {
            "c_id": [],
            "extras": {
                "n_macc": 4704,
                "n_params": 0,
                "psize": 0,
                "rom_output": {
                    "c_size": 384,
                    "fmt": {
                        "format": "float"
                    },
                    "shape": [
                        96
                    ]
                },
                "rom_size": 0
            },
            "id": 1,
            "inputs": [
                "nl_0_nl",
                "my_mpl2_model_batch_normalization_263_batchnorm_mul_1my_mpl2_model_batch_normalization_263_batchnorm_add_1my_mpl2_model_dense_511_MatMulmy_mpl2_model_dense_511_Relumy_mpl2_model_dense_511_BiasAdd",
                "my_mpl2_model_dense_511_MatMulmy_mpl2_model_dense_511_Relumy_mpl2_model_dense_511_BiasAdd"
            ],
            "name": "gemm_1",
            "original": "FULLY_CONNECTED",
            "type": "Gemm"
        },
        {
            "c_id": [],
            "extras": {
                "n_macc": 96,
                "n_params": 0,
                "psize": 0,
                "rom_output": {
                    "c_size": 384,
                    "fmt": {
                        "format": "float"
                    },
                    "shape": [
                        96
                    ]
                },
                "rom_size": 0
            },
            "id": 1,
            "inputs": [
                "gemm_1"
            ],
            "name": "nl_1_nl",
            "original": "FULLY_CONNECTED",
            "type": "Nonlinearity"
        },
        {
            "c_id": [
                4,
                5
            ],
            "extras": {
                "n_macc": 0,
                "n_params": 18432,
                "psize": 73728,
                "rom_size": 74496
            },
            "id": 2,
            "inputs": [],
            "name": "my_mpl2_model_batch_normalization_264_batchnorm_mul_1my_mpl2_model_batch_normalization_264_batchnorm_add_1my_mpl2_model_dense_512_MatMulmy_mpl2_model_dense_512_Relumy_mpl2_model_dense_512_BiasAdd",
            "original": "",
            "type": "Placeholder"
        },
        {
            "c_id": [],
            "extras": {
                "n_macc": 0,
                "n_params": 192,
                "psize": 768,
                "rom_size": 0
            },
            "id": 2,
            "inputs": [],
            "name": "my_mpl2_model_dense_512_MatMulmy_mpl2_model_dense_512_Relumy_mpl2_model_dense_512_BiasAdd",
            "original": "",
            "type": "Placeholder"
        },
        {
            "c_id": [],
            "extras": {
                "n_macc": 18624,
                "n_params": 0,
                "psize": 0,
                "rom_output": {
                    "c_size": 768,
                    "fmt": {
                        "format": "float"
                    },
                    "shape": [
                        192
                    ]
                },
                "rom_size": 0
            },
            "id": 2,
            "inputs": [
                "nl_1_nl",
                "my_mpl2_model_batch_normalization_264_batchnorm_mul_1my_mpl2_model_batch_normalization_264_batchnorm_add_1my_mpl2_model_dense_512_MatMulmy_mpl2_model_dense_512_Relumy_mpl2_model_dense_512_BiasAdd",
                "my_mpl2_model_dense_512_MatMulmy_mpl2_model_dense_512_Relumy_mpl2_model_dense_512_BiasAdd"
            ],
            "name": "gemm_2",
            "original": "FULLY_CONNECTED",
            "type": "Gemm"
        },
        {
            "c_id": [],
            "extras": {
                "n_macc": 192,
                "n_params": 0,
                "psize": 0,
                "rom_output": {
                    "c_size": 768,
                    "fmt": {
                        "format": "float"
                    },
                    "shape": [
                        192
                    ]
                },
                "rom_size": 0
            },
            "id": 2,
            "inputs": [
                "gemm_2"
            ],
            "name": "nl_2_nl",
            "original": "FULLY_CONNECTED",
            "type": "Nonlinearity"
        },
        {
            "c_id": [
                6,
                7
            ],
            "extras": {
                "n_macc": 0,
                "n_params": 49152,
                "psize": 196608,
                "rom_size": 197632
            },
            "id": 3,
            "inputs": [],
            "name": "my_mpl2_model_batch_normalization_265_batchnorm_mul_1my_mpl2_model_batch_normalization_265_batchnorm_add_1my_mpl2_model_dense_513_MatMulmy_mpl2_model_dense_513_Relumy_mpl2_model_dense_513_BiasAdd",
            "original": "",
            "type": "Placeholder"
        },
        {
            "c_id": [],
            "extras": {
                "n_macc": 0,
                "n_params": 256,
                "psize": 1024,
                "rom_size": 0
            },
            "id": 3,
            "inputs": [],
            "name": "my_mpl2_model_dense_513_MatMulmy_mpl2_model_dense_513_Relumy_mpl2_model_dense_513_BiasAdd",
            "original": "",
            "type": "Placeholder"
        },
        {
            "c_id": [],
            "extras": {
                "n_macc": 49408,
                "n_params": 0,
                "psize": 0,
                "rom_output": {
                    "c_size": 1024,
                    "fmt": {
                        "format": "float"
                    },
                    "shape": [
                        256
                    ]
                },
                "rom_size": 0
            },
            "id": 3,
            "inputs": [
                "nl_2_nl",
                "my_mpl2_model_batch_normalization_265_batchnorm_mul_1my_mpl2_model_batch_normalization_265_batchnorm_add_1my_mpl2_model_dense_513_MatMulmy_mpl2_model_dense_513_Relumy_mpl2_model_dense_513_BiasAdd",
                "my_mpl2_model_dense_513_MatMulmy_mpl2_model_dense_513_Relumy_mpl2_model_dense_513_BiasAdd"
            ],
            "name": "gemm_3",
            "original": "FULLY_CONNECTED",
            "type": "Gemm"
        },
        {
            "c_id": [],
            "extras": {
                "n_macc": 256,
                "n_params": 0,
                "psize": 0,
                "rom_output": {
                    "c_size": 1024,
                    "fmt": {
                        "format": "float"
                    },
                    "shape": [
                        256
                    ]
                },
                "rom_size": 0
            },
            "id": 3,
            "inputs": [
                "gemm_3"
            ],
            "name": "nl_3_nl",
            "original": "FULLY_CONNECTED",
            "type": "Nonlinearity"
        },
        {
            "c_id": [
                8,
                9
            ],
            "extras": {
                "n_macc": 0,
                "n_params": 65536,
                "psize": 262144,
                "rom_size": 263168
            },
            "id": 4,
            "inputs": [],
            "name": "my_mpl2_model_batch_normalization_266_batchnorm_mul_1my_mpl2_model_batch_normalization_266_batchnorm_add_1my_mpl2_model_dense_514_MatMulmy_mpl2_model_dense_514_Relumy_mpl2_model_dense_514_BiasAdd",
            "original": "",
            "type": "Placeholder"
        },
        {
            "c_id": [],
            "extras": {
                "n_macc": 0,
                "n_params": 256,
                "psize": 1024,
                "rom_size": 0
            },
            "id": 4,
            "inputs": [],
            "name": "my_mpl2_model_dense_514_MatMulmy_mpl2_model_dense_514_Relumy_mpl2_model_dense_514_BiasAdd",
            "original": "",
            "type": "Placeholder"
        },
        {
            "c_id": [],
            "extras": {
                "n_macc": 65792,
                "n_params": 0,
                "psize": 0,
                "rom_output": {
                    "c_size": 1024,
                    "fmt": {
                        "format": "float"
                    },
                    "shape": [
                        256
                    ]
                },
                "rom_size": 0
            },
            "id": 4,
            "inputs": [
                "nl_3_nl",
                "my_mpl2_model_batch_normalization_266_batchnorm_mul_1my_mpl2_model_batch_normalization_266_batchnorm_add_1my_mpl2_model_dense_514_MatMulmy_mpl2_model_dense_514_Relumy_mpl2_model_dense_514_BiasAdd",
                "my_mpl2_model_dense_514_MatMulmy_mpl2_model_dense_514_Relumy_mpl2_model_dense_514_BiasAdd"
            ],
            "name": "gemm_4",
            "original": "FULLY_CONNECTED",
            "type": "Gemm"
        },
        {
            "c_id": [],
            "extras": {
                "n_macc": 256,
                "n_params": 0,
                "psize": 0,
                "rom_output": {
                    "c_size": 1024,
                    "fmt": {
                        "format": "float"
                    },
                    "shape": [
                        256
                    ]
                },
                "rom_size": 0
            },
            "id": 4,
            "inputs": [
                "gemm_4"
            ],
            "name": "nl_4_nl",
            "original": "FULLY_CONNECTED",
            "type": "Nonlinearity"
        },
        {
            "c_id": [
                10,
                11
            ],
            "extras": {
                "n_macc": 0,
                "n_params": 49152,
                "psize": 196608,
                "rom_size": 197376
            },
            "id": 5,
            "inputs": [],
            "name": "my_mpl2_model_batch_normalization_267_batchnorm_mul_1my_mpl2_model_batch_normalization_267_batchnorm_add_1my_mpl2_model_dense_515_MatMulmy_mpl2_model_dense_515_Relumy_mpl2_model_dense_515_BiasAdd",
            "original": "",
            "type": "Placeholder"
        },
        {
            "c_id": [],
            "extras": {
                "n_macc": 0,
                "n_params": 192,
                "psize": 768,
                "rom_size": 0
            },
            "id": 5,
            "inputs": [],
            "name": "my_mpl2_model_dense_515_MatMulmy_mpl2_model_dense_515_Relumy_mpl2_model_dense_515_BiasAdd",
            "original": "",
            "type": "Placeholder"
        },
        {
            "c_id": [],
            "extras": {
                "n_macc": 49344,
                "n_params": 0,
                "psize": 0,
                "rom_output": {
                    "c_size": 768,
                    "fmt": {
                        "format": "float"
                    },
                    "shape": [
                        192
                    ]
                },
                "rom_size": 0
            },
            "id": 5,
            "inputs": [
                "nl_4_nl",
                "my_mpl2_model_batch_normalization_267_batchnorm_mul_1my_mpl2_model_batch_normalization_267_batchnorm_add_1my_mpl2_model_dense_515_MatMulmy_mpl2_model_dense_515_Relumy_mpl2_model_dense_515_BiasAdd",
                "my_mpl2_model_dense_515_MatMulmy_mpl2_model_dense_515_Relumy_mpl2_model_dense_515_BiasAdd"
            ],
            "name": "gemm_5",
            "original": "FULLY_CONNECTED",
            "type": "Gemm"
        },
        {
            "c_id": [],
            "extras": {
                "n_macc": 192,
                "n_params": 0,
                "psize": 0,
                "rom_output": {
                    "c_size": 768,
                    "fmt": {
                        "format": "float"
                    },
                    "shape": [
                        192
                    ]
                },
                "rom_size": 0
            },
            "id": 5,
            "inputs": [
                "gemm_5"
            ],
            "name": "nl_5_nl",
            "original": "FULLY_CONNECTED",
            "type": "Nonlinearity"
        },
        {
            "c_id": [
                12,
                13
            ],
            "extras": {
                "n_macc": 0,
                "n_params": 24576,
                "psize": 98304,
                "rom_size": 98816
            },
            "id": 6,
            "inputs": [],
            "name": "my_mpl2_model_batch_normalization_268_batchnorm_mul_1my_mpl2_model_batch_normalization_268_batchnorm_add_1my_mpl2_model_dense_516_MatMulmy_mpl2_model_dense_516_Relumy_mpl2_model_dense_516_BiasAdd",
            "original": "",
            "type": "Placeholder"
        },
        {
            "c_id": [],
            "extras": {
                "n_macc": 0,
                "n_params": 128,
                "psize": 512,
                "rom_size": 0
            },
            "id": 6,
            "inputs": [],
            "name": "my_mpl2_model_dense_516_MatMulmy_mpl2_model_dense_516_Relumy_mpl2_model_dense_516_BiasAdd",
            "original": "",
            "type": "Placeholder"
        },
        {
            "c_id": [],
            "extras": {
                "n_macc": 24704,
                "n_params": 0,
                "psize": 0,
                "rom_output": {
                    "c_size": 512,
                    "fmt": {
                        "format": "float"
                    },
                    "shape": [
                        128
                    ]
                },
                "rom_size": 0
            },
            "id": 6,
            "inputs": [
                "nl_5_nl",
                "my_mpl2_model_batch_normalization_268_batchnorm_mul_1my_mpl2_model_batch_normalization_268_batchnorm_add_1my_mpl2_model_dense_516_MatMulmy_mpl2_model_dense_516_Relumy_mpl2_model_dense_516_BiasAdd",
                "my_mpl2_model_dense_516_MatMulmy_mpl2_model_dense_516_Relumy_mpl2_model_dense_516_BiasAdd"
            ],
            "name": "gemm_6",
            "original": "FULLY_CONNECTED",
            "type": "Gemm"
        },
        {
            "c_id": [],
            "extras": {
                "n_macc": 128,
                "n_params": 0,
                "psize": 0,
                "rom_output": {
                    "c_size": 512,
                    "fmt": {
                        "format": "float"
                    },
                    "shape": [
                        128
                    ]
                },
                "rom_size": 0
            },
            "id": 6,
            "inputs": [
                "gemm_6"
            ],
            "name": "nl_6_nl",
            "original": "FULLY_CONNECTED",
            "type": "Nonlinearity"
        },
        {
            "c_id": [
                14,
                15
            ],
            "extras": {
                "n_macc": 0,
                "n_params": 12288,
                "psize": 49152,
                "rom_size": 49536
            },
            "id": 7,
            "inputs": [],
            "name": "my_mpl2_model_batch_normalization_269_batchnorm_mul_1my_mpl2_model_batch_normalization_269_batchnorm_add_1my_mpl2_model_dense_517_MatMulmy_mpl2_model_dense_517_Relumy_mpl2_model_dense_517_BiasAdd",
            "original": "",
            "type": "Placeholder"
        },
        {
            "c_id": [],
            "extras": {
                "n_macc": 0,
                "n_params": 96,
                "psize": 384,
                "rom_size": 0
            },
            "id": 7,
            "inputs": [],
            "name": "my_mpl2_model_dense_517_MatMulmy_mpl2_model_dense_517_Relumy_mpl2_model_dense_517_BiasAdd",
            "original": "",
            "type": "Placeholder"
        },
        {
            "c_id": [],
            "extras": {
                "n_macc": 12384,
                "n_params": 0,
                "psize": 0,
                "rom_output": {
                    "c_size": 384,
                    "fmt": {
                        "format": "float"
                    },
                    "shape": [
                        96
                    ]
                },
                "rom_size": 0
            },
            "id": 7,
            "inputs": [
                "nl_6_nl",
                "my_mpl2_model_batch_normalization_269_batchnorm_mul_1my_mpl2_model_batch_normalization_269_batchnorm_add_1my_mpl2_model_dense_517_MatMulmy_mpl2_model_dense_517_Relumy_mpl2_model_dense_517_BiasAdd",
                "my_mpl2_model_dense_517_MatMulmy_mpl2_model_dense_517_Relumy_mpl2_model_dense_517_BiasAdd"
            ],
            "name": "gemm_7",
            "original": "FULLY_CONNECTED",
            "type": "Gemm"
        },
        {
            "c_id": [],
            "extras": {
                "n_macc": 96,
                "n_params": 0,
                "psize": 0,
                "rom_output": {
                    "c_size": 384,
                    "fmt": {
                        "format": "float"
                    },
                    "shape": [
                        96
                    ]
                },
                "rom_size": 0
            },
            "id": 7,
            "inputs": [
                "gemm_7"
            ],
            "name": "nl_7_nl",
            "original": "FULLY_CONNECTED",
            "type": "Nonlinearity"
        },
        {
            "c_id": [
                16,
                17
            ],
            "extras": {
                "n_macc": 0,
                "n_params": 4608,
                "psize": 18432,
                "rom_size": 18624
            },
            "id": 8,
            "inputs": [],
            "name": "my_mpl2_model_batch_normalization_270_batchnorm_mul_1my_mpl2_model_batch_normalization_270_batchnorm_add_1my_mpl2_model_dense_518_MatMulmy_mpl2_model_dense_518_Relumy_mpl2_model_dense_518_BiasAdd",
            "original": "",
            "type": "Placeholder"
        },
        {
            "c_id": [],
            "extras": {
                "n_macc": 0,
                "n_params": 48,
                "psize": 192,
                "rom_size": 0
            },
            "id": 8,
            "inputs": [],
            "name": "my_mpl2_model_dense_518_MatMulmy_mpl2_model_dense_518_Relumy_mpl2_model_dense_518_BiasAdd",
            "original": "",
            "type": "Placeholder"
        },
        {
            "c_id": [],
            "extras": {
                "n_macc": 4656,
                "n_params": 0,
                "psize": 0,
                "rom_output": {
                    "c_size": 192,
                    "fmt": {
                        "format": "float"
                    },
                    "shape": [
                        48
                    ]
                },
                "rom_size": 0
            },
            "id": 8,
            "inputs": [
                "nl_7_nl",
                "my_mpl2_model_batch_normalization_270_batchnorm_mul_1my_mpl2_model_batch_normalization_270_batchnorm_add_1my_mpl2_model_dense_518_MatMulmy_mpl2_model_dense_518_Relumy_mpl2_model_dense_518_BiasAdd",
                "my_mpl2_model_dense_518_MatMulmy_mpl2_model_dense_518_Relumy_mpl2_model_dense_518_BiasAdd"
            ],
            "name": "gemm_8",
            "original": "FULLY_CONNECTED",
            "type": "Gemm"
        },
        {
            "c_id": [],
            "extras": {
                "n_macc": 48,
                "n_params": 0,
                "psize": 0,
                "rom_output": {
                    "c_size": 192,
                    "fmt": {
                        "format": "float"
                    },
                    "shape": [
                        48
                    ]
                },
                "rom_size": 0
            },
            "id": 8,
            "inputs": [
                "gemm_8"
            ],
            "name": "nl_8_nl",
            "original": "FULLY_CONNECTED",
            "type": "Nonlinearity"
        },
        {
            "c_id": [
                18
            ],
            "extras": {
                "n_macc": 0,
                "n_params": 240,
                "psize": 960,
                "rom_size": 980
            },
            "id": 9,
            "inputs": [],
            "name": "my_mpl2_model_batch_normalization_271_batchnorm_mul_1my_mpl2_model_batch_normalization_271_batchnorm_add_1my_mpl2_model_dense_519_MatMulmy_mpl2_model_dense_519_BiasAdd",
            "original": "",
            "type": "Placeholder"
        },
        {
            "c_id": [],
            "extras": {
                "n_macc": 0,
                "n_params": 5,
                "psize": 20,
                "rom_size": 0
            },
            "id": 9,
            "inputs": [],
            "name": "my_mpl2_model_dense_519_MatMulmy_mpl2_model_dense_519_BiasAdd",
            "original": "",
            "type": "Placeholder"
        },
        {
            "c_id": [],
            "extras": {
                "n_macc": 245,
                "n_params": 0,
                "psize": 0,
                "rom_output": {
                    "c_size": 20,
                    "fmt": {
                        "format": "float"
                    },
                    "shape": [
                        5
                    ]
                },
                "rom_size": 0
            },
            "id": 9,
            "inputs": [
                "nl_8_nl",
                "my_mpl2_model_batch_normalization_271_batchnorm_mul_1my_mpl2_model_batch_normalization_271_batchnorm_add_1my_mpl2_model_dense_519_MatMulmy_mpl2_model_dense_519_BiasAdd",
                "my_mpl2_model_dense_519_MatMulmy_mpl2_model_dense_519_BiasAdd"
            ],
            "name": "gemm_9",
            "original": "FULLY_CONNECTED",
            "type": "Gemm"
        },
        {
            "c_id": [
                19
            ],
            "extras": {
                "n_macc": 75,
                "n_params": 0,
                "psize": 0,
                "rom_output": {
                    "c_size": 20,
                    "fmt": {
                        "format": "float"
                    },
                    "shape": [
                        5
                    ]
                },
                "rom_size": 0
            },
            "id": 10,
            "inputs": [
                "gemm_9"
            ],
            "name": "nl_10",
            "original": "SOFTMAX",
            "type": "Nonlinearity"
        }
    ],
    "model_files": [
        "C:\\Users\\kevin\\Documents\\Cours\\ISMIN_2A\\Electif_IA_manufacturing\\Embedded_IA\\Colab_IA_EMBARQUEE\\Machine_Failure_model.tflite"
    ],
    "model_n_params": 230197,
    "model_name": "Machine_Failure_model",
    "model_size": 920788,
    "model_type": "tflite",
    "name": "mnist",
    "outputs": [
        "nl_10"
    ],
    "ram_io_size": [
        0,
        0
    ],
    "ram_size": 2048,
    "report_version": 1.1,
    "rom_cfact": 1.0,
    "rom_heap_inspector": 2048,
    "rom_inputs": [
        {
            "c_size": 24,
            "c_type": "float",
            "name": "serving_default_input_740"
        }
    ],
    "rom_n_macc": 231584,
    "rom_outputs": [
        {
            "c_size": 20,
            "c_type": "float",
            "name": "nl_10"
        }
    ],
    "rom_size": 920788,
    "strategy": "",
    "tools_api_version": "2.0.0-20049",
    "tools_version": "2.0.0-20049",
    "val_error": -1.0,
    "val_error_desc": "None (None) #-1",
    "val_metrics": []
}